codice_provincia,codice_regione,daily_cases,data,denominazione_provincia,denominazione_regione,lat,lon,long,note,sigla_provincia,stato,totale_casi,IQA
37,8,,2020-02-24,Bologna,Emilia-Romagna,44.49436681,,11.3417208,,BO,ITA,0,90.0
37,8,0.0,2020-02-25,Bologna,Emilia-Romagna,44.49436681,,11.3417208,,BO,ITA,0,64.0
37,8,0.0,2020-02-26,Bologna,Emilia-Romagna,44.49436681,,11.3417208,,BO,ITA,0,26.0
37,8,0.0,2020-02-27,Bologna,Emilia-Romagna,44.49436681,,11.3417208,,BO,ITA,0,23.416666666666668
37,8,0.0,2020-02-28,Bologna,Emilia-Romagna,44.49436681,,11.3417208,,BO,ITA,0,21.0
37,8,2.0,2020-02-29,Bologna,Emilia-Romagna,44.49436681,,11.3417208,,BO,ITA,2,32.0
37,8,0.0,2020-03-01,Bologna,Emilia-Romagna,44.49436681,,11.3417208,,BO,ITA,2,57.99999999999999
37,8,1.0,2020-03-02,Bologna,Emilia-Romagna,44.49436681,,11.3417208,,BO,ITA,3,22.0
37,8,3.0,2020-03-03,Bologna,Emilia-Romagna,44.49436681,,11.3417208,,BO,ITA,6,14.916666666666664
37,8,5.0,2020-03-04,Bologna,Emilia-Romagna,44.49436681,,11.3417208,,BO,ITA,11,20.0
37,8,8.0,2020-03-05,Bologna,Emilia-Romagna,44.49436681,,11.3417208,,BO,ITA,19,22.0
37,8,22.0,2020-03-06,Bologna,Emilia-Romagna,44.49436681,,11.3417208,,BO,ITA,41,32.0
37,8,8.0,2020-03-07,Bologna,Emilia-Romagna,44.49436681,,11.3417208,,BO,ITA,49,48.0
37,8,13.0,2020-03-08,Bologna,Emilia-Romagna,44.49436681,,11.3417208,,BO,ITA,62,22.0
37,8,18.0,2020-03-09,Bologna,Emilia-Romagna,44.49436681,,11.3417208,,BO,ITA,80,40.0
37,8,6.0,2020-03-10,Bologna,Emilia-Romagna,44.49436681,,11.3417208,,BO,ITA,86,42.0
37,8,22.0,2020-03-11,Bologna,Emilia-Romagna,44.49436681,,11.3417208,,BO,ITA,108,34.0
37,8,14.0,2020-03-12,Bologna,Emilia-Romagna,44.49436681,,11.3417208,,BO,ITA,122,52.0
37,8,33.0,2020-03-13,Bologna,Emilia-Romagna,44.49436681,,11.3417208,,BO,ITA,155,36.0
37,8,40.0,2020-03-14,Bologna,Emilia-Romagna,44.49436681,,11.3417208,,BO,ITA,195,50.0
37,8,35.0,2020-03-15,Bologna,Emilia-Romagna,44.49436681,,11.3417208,,BO,ITA,230,20.333333333333332
37,8,61.0,2020-03-16,Bologna,Emilia-Romagna,44.49436681,,11.3417208,,BO,ITA,291,32.0
37,8,42.0,2020-03-17,Bologna,Emilia-Romagna,44.49436681,,11.3417208,,BO,ITA,333,48.0
37,8,62.0,2020-03-18,Bologna,Emilia-Romagna,44.49436681,,11.3417208,,BO,ITA,395,56.00000000000001
37,8,70.0,2020-03-19,Bologna,Emilia-Romagna,44.49436681,,11.3417208,,BO,ITA,465,48.0
37,8,87.0,2020-03-20,Bologna,Emilia-Romagna,44.49436681,,11.3417208,,BO,ITA,552,56.00000000000001
37,8,58.0,2020-03-21,Bologna,Emilia-Romagna,44.49436681,,11.3417208,,BO,ITA,610,42.0
37,8,64.0,2020-03-22,Bologna,Emilia-Romagna,44.49436681,,11.3417208,,BO,ITA,674,38.0
37,8,159.0,2020-03-23,Bologna,Emilia-Romagna,44.49436681,,11.3417208,,BO,ITA,833,28.000000000000004
37,8,135.0,2020-03-24,Bologna,Emilia-Romagna,44.49436681,,11.3417208,,BO,ITA,968,32.0
37,8,139.0,2020-03-25,Bologna,Emilia-Romagna,44.49436681,,11.3417208,,BO,ITA,1107,40.0
37,8,146.0,2020-03-26,Bologna,Emilia-Romagna,44.49436681,,11.3417208,,BO,ITA,1253,28.000000000000004
37,8,160.0,2020-03-27,Bologna,Emilia-Romagna,44.49436681,,11.3417208,,BO,ITA,1413,57.99999999999999
37,8,173.0,2020-03-28,Bologna,Emilia-Romagna,44.49436681,,11.3417208,,BO,ITA,1586,142.0
37,8,157.0,2020-03-29,Bologna,Emilia-Romagna,44.49436681,,11.3417208,,BO,ITA,1743,130.0
37,8,129.0,2020-03-30,Bologna,Emilia-Romagna,44.49436681,,11.3417208,,BO,ITA,1872,72.0
37,8,68.0,2020-03-31,Bologna,Emilia-Romagna,44.49436681,,11.3417208,,BO,ITA,1940,21.0
37,8,144.0,2020-04-01,Bologna,Emilia-Romagna,44.49436681,,11.3417208,,BO,ITA,2084,28.000000000000004
37,8,141.0,2020-04-02,Bologna,Emilia-Romagna,44.49436681,,11.3417208,,BO,ITA,2225,34.0
37,8,114.0,2020-04-03,Bologna,Emilia-Romagna,44.49436681,,11.3417208,,BO,ITA,2339,38.0
37,8,90.0,2020-04-04,Bologna,Emilia-Romagna,44.49436681,,11.3417208,,BO,ITA,2429,40.0
37,8,92.0,2020-04-05,Bologna,Emilia-Romagna,44.49436681,,11.3417208,,BO,ITA,2521,34.0
37,8,96.0,2020-04-06,Bologna,Emilia-Romagna,44.49436681,,11.3417208,,BO,ITA,2617,50.0
37,8,39.0,2020-04-07,Bologna,Emilia-Romagna,44.49436681,,11.3417208,,BO,ITA,2656,52.0
37,8,102.0,2020-04-08,Bologna,Emilia-Romagna,44.49436681,,11.3417208,,BO,ITA,2758,34.0
37,8,98.0,2020-04-09,Bologna,Emilia-Romagna,44.49436681,,11.3417208,,BO,ITA,2856,32.0
37,8,98.0,2020-04-10,Bologna,Emilia-Romagna,44.49436681,,11.3417208,,BO,ITA,2954,34.0
37,8,121.0,2020-04-11,Bologna,Emilia-Romagna,44.49436681,,11.3417208,,BO,ITA,3075,35.91666666666667
37,8,122.0,2020-04-12,Bologna,Emilia-Romagna,44.49436681,,11.3417208,,BO,ITA,3197,31.5
37,8,95.0,2020-04-13,Bologna,Emilia-Romagna,44.49436681,,11.3417208,,BO,ITA,3292,35.25
37,8,28.0,2020-04-14,Bologna,Emilia-Romagna,44.49436681,,11.3417208,,BO,ITA,3320,34.25
37,8,60.0,2020-04-15,Bologna,Emilia-Romagna,44.49436681,,11.3417208,,BO,ITA,3380,26.0
37,8,110.0,2020-04-16,Bologna,Emilia-Romagna,44.49436681,,11.3417208,,BO,ITA,3490,28.000000000000004
37,8,129.0,2020-04-17,Bologna,Emilia-Romagna,44.49436681,,11.3417208,,BO,ITA,3619,34.0
37,8,60.0,2020-04-18,Bologna,Emilia-Romagna,44.49436681,,11.3417208,,BO,ITA,3679,34.0
37,8,61.0,2020-04-19,Bologna,Emilia-Romagna,44.49436681,,11.3417208,,BO,ITA,3740,28.16666666666666
37,8,82.0,2020-04-20,Bologna,Emilia-Romagna,44.49436681,,11.3417208,,BO,ITA,3822,22.0
37,8,43.0,2020-04-21,Bologna,Emilia-Romagna,44.49436681,,11.3417208,,BO,ITA,3865,24.0
37,8,52.0,2020-04-22,Bologna,Emilia-Romagna,44.49436681,,11.3417208,,BO,ITA,3917,34.0
37,8,54.0,2020-04-23,Bologna,Emilia-Romagna,44.49436681,,11.3417208,,BO,ITA,3971,40.0
37,8,62.0,2020-04-24,Bologna,Emilia-Romagna,44.49436681,,11.3417208,,BO,ITA,4033,35.25
37,8,69.0,2020-04-25,Bologna,Emilia-Romagna,44.49436681,,11.3417208,,BO,ITA,4102,32.83333333333333
37,8,54.0,2020-04-26,Bologna,Emilia-Romagna,44.49436681,,11.3417208,,BO,ITA,4156,33.916666666666664
37,8,35.0,2020-04-27,Bologna,Emilia-Romagna,44.49436681,,11.3417208,,BO,ITA,4191,29.5
37,8,72.0,2020-04-28,Bologna,Emilia-Romagna,44.49436681,,11.3417208,,BO,ITA,4263,21.333333333333336
37,8,89.0,2020-04-29,Bologna,Emilia-Romagna,44.49436681,,11.3417208,,BO,ITA,4352,23.75
37,8,64.0,2020-04-30,Bologna,Emilia-Romagna,44.49436681,,11.3417208,,BO,ITA,4416,22.416666666666664
37,8,42.0,2020-05-01,Bologna,Emilia-Romagna,44.49436681,,11.3417208,,BO,ITA,4458,24.083333333333332
37,8,49.0,2020-05-02,Bologna,Emilia-Romagna,44.49436681,,11.3417208,,BO,ITA,4507,26.75
37,8,43.0,2020-05-03,Bologna,Emilia-Romagna,44.49436681,,11.3417208,,BO,ITA,4550,26.416666666666664
37,8,40.0,2020-05-04,Bologna,Emilia-Romagna,44.49436681,,11.3417208,,BO,ITA,4590,30.833333333333336
37,8,29.0,2020-05-05,Bologna,Emilia-Romagna,44.49436681,,11.3417208,,BO,ITA,4619,28.16666666666666
37,8,27.0,2020-05-06,Bologna,Emilia-Romagna,44.49436681,,11.3417208,,BO,ITA,4646,30.0
37,8,39.0,2020-05-07,Bologna,Emilia-Romagna,44.49436681,,11.3417208,,BO,ITA,4685,32.83333333333333
37,8,35.0,2020-05-08,Bologna,Emilia-Romagna,44.49436681,,11.3417208,,BO,ITA,4720,32.166666666666664
37,8,31.0,2020-05-09,Bologna,Emilia-Romagna,44.49436681,,11.3417208,,BO,ITA,4751,35.91666666666667
37,8,22.0,2020-05-10,Bologna,Emilia-Romagna,44.49436681,,11.3417208,,BO,ITA,4773,32.5
37,8,11.0,2020-05-11,Bologna,Emilia-Romagna,44.49436681,,11.3417208,,BO,ITA,4784,25.416666666666664
37,8,21.0,2020-05-12,Bologna,Emilia-Romagna,44.49436681,,11.3417208,,BO,ITA,4805,22.416666666666664
37,8,21.0,2020-05-13,Bologna,Emilia-Romagna,44.49436681,,11.3417208,,BO,ITA,4826,26.0
37,8,15.0,2020-05-14,Bologna,Emilia-Romagna,44.49436681,,11.3417208,,BO,ITA,4841,57.99999999999999
37,8,12.0,2020-05-15,Bologna,Emilia-Romagna,44.49436681,,11.3417208,,BO,ITA,4853,28.000000000000004
37,8,15.0,2020-05-16,Bologna,Emilia-Romagna,44.49436681,,11.3417208,,BO,ITA,4868,26.0
37,8,12.0,2020-05-17,Bologna,Emilia-Romagna,44.49436681,,11.3417208,,BO,ITA,4880,40.0
37,8,1.0,2020-05-18,Bologna,Emilia-Romagna,44.49436681,,11.3417208,,BO,ITA,4881,46.0
37,8,12.0,2020-05-19,Bologna,Emilia-Romagna,44.49436681,,11.3417208,,BO,ITA,4893,44.0
37,8,8.0,2020-05-20,Bologna,Emilia-Romagna,44.49436681,,11.3417208,,BO,ITA,4901,26.0
37,8,10.0,2020-05-21,Bologna,Emilia-Romagna,44.49436681,,11.3417208,,BO,ITA,4911,31.833333333333336
37,8,9.0,2020-05-22,Bologna,Emilia-Romagna,44.49436681,,11.3417208,,BO,ITA,4920,36.25
37,8,11.0,2020-05-23,Bologna,Emilia-Romagna,44.49436681,,11.3417208,,BO,ITA,4931,34.583333333333336
37,8,11.0,2020-05-24,Bologna,Emilia-Romagna,44.49436681,,11.3417208,,BO,ITA,4942,30.5
37,8,14.0,2020-05-25,Bologna,Emilia-Romagna,44.49436681,,11.3417208,,BO,ITA,4956,33.916666666666664
37,8,10.0,2020-05-26,Bologna,Emilia-Romagna,44.49436681,,11.3417208,,BO,ITA,4966,27.749999999999996
37,8,2.0,2020-05-27,Bologna,Emilia-Romagna,44.49436681,,11.3417208,,BO,ITA,4968,29.83333333333333
37,8,30.0,2020-05-28,Bologna,Emilia-Romagna,44.49436681,,11.3417208,,BO,ITA,4998,34.583333333333336
37,8,8.0,2020-05-29,Bologna,Emilia-Romagna,44.49436681,,11.3417208,,BO,ITA,5006,25.083333333333336
37,8,10.0,2020-05-30,Bologna,Emilia-Romagna,44.49436681,,11.3417208,,BO,ITA,5016,28.16666666666666
37,8,5.0,2020-05-31,Bologna,Emilia-Romagna,44.49436681,,11.3417208,,BO,ITA,5021,27.749999999999996
37,8,8.0,2020-06-01,Bologna,Emilia-Romagna,44.49436681,,11.3417208,,BO,ITA,5029,32.5
37,8,5.0,2020-06-02,Bologna,Emilia-Romagna,44.49436681,,11.3417208,,BO,ITA,5034,33.58333333333333
37,8,2.0,2020-06-03,Bologna,Emilia-Romagna,44.49436681,,11.3417208,,BO,ITA,5036,28.500000000000004
37,8,5.0,2020-06-04,Bologna,Emilia-Romagna,44.49436681,,11.3417208,,BO,ITA,5041,21.333333333333336
37,8,2.0,2020-06-05,Bologna,Emilia-Romagna,44.49436681,,11.3417208,,BO,ITA,5043,26.083333333333336
37,8,4.0,2020-06-06,Bologna,Emilia-Romagna,44.49436681,,11.3417208,,BO,ITA,5047,24.75
37,8,0.0,2020-06-07,Bologna,Emilia-Romagna,44.49436681,,11.3417208,,BO,ITA,5047,22.416666666666664
37,8,3.0,2020-06-08,Bologna,Emilia-Romagna,44.49436681,,11.3417208,,BO,ITA,5050,30.0
37,8,4.0,2020-06-09,Bologna,Emilia-Romagna,44.49436681,,11.3417208,,BO,ITA,5054,22.0
37,8,4.0,2020-06-10,Bologna,Emilia-Romagna,44.49436681,,11.3417208,,BO,ITA,5058,26.083333333333336
37,8,8.0,2020-06-11,Bologna,Emilia-Romagna,44.49436681,,11.3417208,,BO,ITA,5066,25.083333333333336
37,8,14.0,2020-06-12,Bologna,Emilia-Romagna,44.49436681,,11.3417208,,BO,ITA,5080,28.833333333333332
37,8,15.0,2020-06-13,Bologna,Emilia-Romagna,44.49436681,,11.3417208,,BO,ITA,5095,27.749999999999996
37,8,7.0,2020-06-14,Bologna,Emilia-Romagna,44.49436681,,11.3417208,,BO,ITA,5102,29.5
37,8,5.0,2020-06-15,Bologna,Emilia-Romagna,44.49436681,,11.3417208,,BO,ITA,5107,21.333333333333336
37,8,2.0,2020-06-16,Bologna,Emilia-Romagna,44.49436681,,11.3417208,,BO,ITA,5109,30.5
37,8,5.0,2020-06-17,Bologna,Emilia-Romagna,44.49436681,,11.3417208,,BO,ITA,5114,28.833333333333332
37,8,16.0,2020-06-18,Bologna,Emilia-Romagna,44.49436681,,11.3417208,,BO,ITA,5130,30.5
37,8,12.0,2020-06-19,Bologna,Emilia-Romagna,44.49436681,,11.3417208,,BO,ITA,5142,28.500000000000004
37,8,9.0,2020-06-20,Bologna,Emilia-Romagna,44.49436681,,11.3417208,,BO,ITA,5151,33.58333333333333
37,8,14.0,2020-06-21,Bologna,Emilia-Romagna,44.49436681,,11.3417208,,BO,ITA,5165,36.25
37,8,11.0,2020-06-22,Bologna,Emilia-Romagna,44.49436681,,11.3417208,,BO,ITA,5176,37.583333333333336
37,8,5.0,2020-06-23,Bologna,Emilia-Romagna,44.49436681,,11.3417208,,BO,ITA,5181,49.75
37,8,-52.0,2020-06-24,Bologna,Emilia-Romagna,44.49436681,,11.3417208,,BO,ITA,5129,38.58333333333333
37,8,31.0,2020-06-25,Bologna,Emilia-Romagna,44.49436681,,11.341720800000001,,BO,ITA,5160,43.833333333333336
37,8,23.0,2020-06-26,Bologna,Emilia-Romagna,44.49436681,,11.341720800000001,,BO,ITA,5183,40.33333333333333
37,8,28.0,2020-06-27,Bologna,Emilia-Romagna,44.49436681,,11.341720800000001,,BO,ITA,5211,40.33333333333333
37,8,4.0,2020-06-28,Bologna,Emilia-Romagna,44.49436681,,11.341720800000001,,BO,ITA,5215,44.333333333333336
37,8,6.0,2020-06-29,Bologna,Emilia-Romagna,44.49436681,,11.341720800000001,,BO,ITA,5221,37.25
37,8,8.0,2020-06-30,Bologna,Emilia-Romagna,44.49436681,,11.341720800000001,,BO,ITA,5229,32.0
37,8,8.0,2020-07-01,Bologna,Emilia-Romagna,44.49436681,,11.3417208,,BO,ITA,5237,35.25
37,8,14.0,2020-07-02,Bologna,Emilia-Romagna,44.49436681,,11.3417208,,BO,ITA,5251,44.0
37,8,17.0,2020-07-03,Bologna,Emilia-Romagna,44.49436681,,11.3417208,,BO,ITA,5268,32.5
37,8,16.0,2020-07-04,Bologna,Emilia-Romagna,44.49436681,,11.3417208,,BO,ITA,5284,25.083333333333336
37,8,8.0,2020-07-05,Bologna,Emilia-Romagna,44.49436681,,11.3417208,,BO,ITA,5292,38.99999999999999
37,8,7.0,2020-07-06,Bologna,Emilia-Romagna,44.49436681,,11.3417208,,BO,ITA,5299,45.416666666666664
37,8,5.0,2020-07-07,Bologna,Emilia-Romagna,44.49436681,,11.3417208,,BO,ITA,5304,36.0
37,8,17.0,2020-07-08,Bologna,Emilia-Romagna,44.49436681,,11.3417208,,BO,ITA,5321,37.916666666666664
37,8,14.0,2020-07-09,Bologna,Emilia-Romagna,44.49436681,,11.3417208,,BO,ITA,5335,51.416666666666664
37,8,23.0,2020-07-10,Bologna,Emilia-Romagna,44.49436681,,11.3417208,,BO,ITA,5358,59.0
37,8,20.0,2020-07-11,Bologna,Emilia-Romagna,44.49436681,,11.3417208,,BO,ITA,5378,44.916666666666664
37,8,19.0,2020-07-12,Bologna,Emilia-Romagna,44.49436681,,11.3417208,,BO,ITA,5397,28.833333333333332
37,8,0.0,2020-07-13,Bologna,Emilia-Romagna,44.49436681,,11.3417208,,BO,ITA,5397,30.5
37,8,5.0,2020-07-14,Bologna,Emilia-Romagna,44.49436681,,11.3417208,,BO,ITA,5402,34.583333333333336
37,8,0.0,2020-07-15,Bologna,Emilia-Romagna,44.49436681,,11.3417208,,BO,ITA,5402,30.166666666666668
37,8,17.0,2020-07-16,Bologna,Emilia-Romagna,44.49436681,,11.3417208,,BO,ITA,5419,44.916666666666664
37,8,21.0,2020-07-17,Bologna,Emilia-Romagna,44.49436681,,11.3417208,,BO,ITA,5440,31.166666666666664
37,8,8.0,2020-07-18,Bologna,Emilia-Romagna,44.49436681,,11.3417208,,BO,ITA,5448,32.5
37,8,3.0,2020-07-19,Bologna,Emilia-Romagna,44.49436681,,11.3417208,,BO,ITA,5451,37.25
37,8,7.0,2020-07-20,Bologna,Emilia-Romagna,44.49436681,,11.3417208,,BO,ITA,5458,51.416666666666664
37,8,7.0,2020-07-21,Bologna,Emilia-Romagna,44.49436681,,11.3417208,,BO,ITA,5465,51.916666666666664
37,8,16.0,2020-07-22,Bologna,Emilia-Romagna,44.49436681,,11.3417208,,BO,ITA,5481,48.666666666666664
37,8,26.0,2020-07-23,Bologna,Emilia-Romagna,44.49436681,,11.3417208,,BO,ITA,5507,43.833333333333336
37,8,14.0,2020-07-24,Bologna,Emilia-Romagna,44.49436681,,11.3417208,,BO,ITA,5521,25.75
37,8,6.0,2020-07-25,Bologna,Emilia-Romagna,44.49436681,,11.3417208,,BO,ITA,5527,37.583333333333336
37,8,25.0,2020-07-26,Bologna,Emilia-Romagna,44.49436681,,11.3417208,,BO,ITA,5552,38.99999999999999
37,8,6.0,2020-07-27,Bologna,Emilia-Romagna,44.49436681,,11.3417208,,BO,ITA,5558,43.25
37,8,5.0,2020-07-28,Bologna,Emilia-Romagna,44.49436681,,11.3417208,,BO,ITA,5563,56.833333333333336
37,8,13.0,2020-07-29,Bologna,Emilia-Romagna,44.49436681,,11.3417208,,BO,ITA,5576,52.5
37,8,2.0,2020-07-30,Bologna,Emilia-Romagna,44.49436681,,11.3417208,,BO,ITA,5578,53.58333333333333
37,8,10.0,2020-07-31,Bologna,Emilia-Romagna,44.49436681,,11.3417208,,BO,ITA,5588,44.916666666666664
17,3,,2020-02-24,Brescia,Lombardia,45.53993052,,10.21910323,,BS,ITA,0,98.0
17,3,0.0,2020-02-25,Brescia,Lombardia,45.53993052,,10.21910323,,BS,ITA,0,100.0
17,3,2.0,2020-02-26,Brescia,Lombardia,45.53993052,,10.21910323,,BS,ITA,2,86.0
17,3,8.0,2020-02-27,Brescia,Lombardia,45.53993052,,10.21910323,,BS,ITA,10,30.0
17,3,3.0,2020-02-28,Brescia,Lombardia,45.53993052,,10.21910323,,BS,ITA,13,38.0
17,3,1.0,2020-02-29,Brescia,Lombardia,45.53993052,,10.21910323,,BS,ITA,14,42.0
17,3,26.0,2020-03-03,Brescia,Lombardia,45.53993052,,10.21910323,,BS,ITA,86,42.0
17,3,41.0,2020-03-04,Brescia,Lombardia,45.53993052,,10.21910323,,BS,ITA,127,32.0
17,3,28.0,2020-03-05,Brescia,Lombardia,45.53993052,,10.21910323,,BS,ITA,155,26.0
17,3,27.0,2020-03-06,Brescia,Lombardia,45.53993052,,10.21910323,,BS,ITA,182,40.0
17,3,231.0,2020-03-07,Brescia,Lombardia,45.53993052,,10.21910323,pd-IT-0001,BS,ITA,413,50.0
17,3,88.0,2020-03-08,Brescia,Lombardia,45.53993052,,10.21910323,,BS,ITA,501,29.83333333333333
17,3,238.0,2020-03-09,Brescia,Lombardia,45.53993052,,10.21910323,,BS,ITA,739,40.0
17,3,51.0,2020-03-10,Brescia,Lombardia,45.53993052,,10.21910323,,BS,ITA,790,66.0
17,3,561.0,2020-03-11,Brescia,Lombardia,45.53993052,,10.21910323,,BS,ITA,1351,57.99999999999999
17,3,247.0,2020-03-12,Brescia,Lombardia,45.53993052,,10.21910323,,BS,ITA,1598,100.0
17,3,186.0,2020-03-13,Brescia,Lombardia,45.53993052,,10.21910323,,BS,ITA,1784,50.0
17,3,338.0,2020-03-14,Brescia,Lombardia,45.53993052,,10.21910323,,BS,ITA,2122,46.0
17,3,351.0,2020-03-15,Brescia,Lombardia,45.53993052,,10.21910323,,BS,ITA,2473,29.166666666666668
17,3,445.0,2020-03-16,Brescia,Lombardia,45.53993052,,10.21910323,,BS,ITA,2918,36.0
17,3,382.0,2020-03-17,Brescia,Lombardia,45.53993052,,10.21910323,,BS,ITA,3300,64.0
17,3,484.0,2020-03-18,Brescia,Lombardia,45.53993052,,10.21910323,,BS,ITA,3784,80.0
17,3,463.0,2020-03-19,Brescia,Lombardia,45.53993052,,10.21910323,,BS,ITA,4247,60.0
17,3,401.0,2020-03-20,Brescia,Lombardia,45.53993052,,10.21910323,,BS,ITA,4648,78.0
17,3,380.0,2020-03-21,Brescia,Lombardia,45.53993052,,10.21910323,,BS,ITA,5028,68.0
17,3,289.0,2020-03-22,Brescia,Lombardia,45.53993052,,10.21910323,,BS,ITA,5317,40.0
17,3,588.0,2020-03-23,Brescia,Lombardia,45.53993052,,10.21910323,,BS,ITA,5905,28.000000000000004
17,3,393.0,2020-03-24,Brescia,Lombardia,45.53993052,,10.21910323,,BS,ITA,6298,30.0
17,3,299.0,2020-03-25,Brescia,Lombardia,45.53993052,,10.21910323,,BS,ITA,6597,28.000000000000004
17,3,334.0,2020-03-26,Brescia,Lombardia,45.53993052,,10.21910323,,BS,ITA,6931,42.0
17,3,374.0,2020-03-27,Brescia,Lombardia,45.53993052,,10.21910323,,BS,ITA,7305,57.99999999999999
17,3,373.0,2020-03-28,Brescia,Lombardia,45.53993052,,10.21910323,,BS,ITA,7678,138.0
17,3,335.0,2020-03-29,Brescia,Lombardia,45.53993052,,10.21910323,,BS,ITA,8013,124.0
17,3,200.0,2020-03-30,Brescia,Lombardia,45.53993052,,10.21910323,,BS,ITA,8213,57.99999999999999
17,3,154.0,2020-03-31,Brescia,Lombardia,45.53993052,,10.21910323,,BS,ITA,8367,22.75
17,3,231.0,2020-04-01,Brescia,Lombardia,45.53993052,,10.21910323,,BS,ITA,8598,30.0
17,3,159.0,2020-04-02,Brescia,Lombardia,45.53993052,,10.21910323,,BS,ITA,8757,40.0
17,3,257.0,2020-04-03,Brescia,Lombardia,45.53993052,,10.21910323,,BS,ITA,9014,60.0
17,3,166.0,2020-04-04,Brescia,Lombardia,45.53993052,,10.21910323,,BS,ITA,9180,64.0
17,3,160.0,2020-04-05,Brescia,Lombardia,45.53993052,,10.21910323,,BS,ITA,9340,40.0
17,3,137.0,2020-04-06,Brescia,Lombardia,45.53993052,,10.21910323,,BS,ITA,9477,43.25
17,3,117.0,2020-04-07,Brescia,Lombardia,45.53993052,,10.21910323,,BS,ITA,9594,54.0
17,3,315.0,2020-04-08,Brescia,Lombardia,45.53993052,,10.21910323,,BS,ITA,9909,42.75
17,3,213.0,2020-04-09,Brescia,Lombardia,45.53993052,,10.21910323,,BS,ITA,10122,50.0
17,3,247.0,2020-04-10,Brescia,Lombardia,45.53993052,,10.21910323,,BS,ITA,10369,50.0
17,3,230.0,2020-04-11,Brescia,Lombardia,45.53993052,,10.21910323,,BS,ITA,10599,48.166666666666664
17,3,269.0,2020-04-12,Brescia,Lombardia,45.53993052,,10.21910323,,BS,ITA,10868,28.000000000000004
17,3,190.0,2020-04-13,Brescia,Lombardia,45.53993052,,10.21910323,,BS,ITA,11058,30.0
17,3,35.0,2020-04-14,Brescia,Lombardia,45.53993052,,10.21910323,,BS,ITA,11093,46.0
17,3,94.0,2020-04-15,Brescia,Lombardia,45.53993052,,10.21910323,,BS,ITA,11187,38.0
17,3,168.0,2020-04-16,Brescia,Lombardia,45.53993052,,10.21910323,,BS,ITA,11355,44.0
17,3,212.0,2020-04-17,Brescia,Lombardia,45.53993052,,10.21910323,,BS,ITA,11567,50.0
17,3,191.0,2020-04-18,Brescia,Lombardia,45.53993052,,10.21910323,,BS,ITA,11758,42.0
17,3,188.0,2020-04-19,Brescia,Lombardia,45.53993052,,10.21910323,,BS,ITA,11946,52.0
17,3,58.0,2020-04-20,Brescia,Lombardia,45.53993052,,10.21910323,,BS,ITA,12004,28.000000000000004
17,3,74.0,2020-04-21,Brescia,Lombardia,45.53993052,,10.21910323,,BS,ITA,12078,40.0
17,3,100.0,2020-04-22,Brescia,Lombardia,45.53993052,,10.21910323,,BS,ITA,12178,34.0
17,3,130.0,2020-04-23,Brescia,Lombardia,45.53993052,,10.21910323,,BS,ITA,12308,52.0
17,3,167.0,2020-04-24,Brescia,Lombardia,45.53993052,,10.21910323,,BS,ITA,12475,60.0
17,3,65.0,2020-04-25,Brescia,Lombardia,45.53993052,,10.21910323,,BS,ITA,12540,41.333333333333336
17,3,24.0,2020-04-26,Brescia,Lombardia,45.53993052,,10.21910323,,BS,ITA,12564,41.0
17,3,35.0,2020-04-27,Brescia,Lombardia,45.53993052,,10.21910323,,BS,ITA,12599,38.0
17,3,92.0,2020-04-28,Brescia,Lombardia,45.53993052,,10.21910323,,BS,ITA,12691,30.0
17,3,115.0,2020-04-29,Brescia,Lombardia,45.53993052,,10.21910323,,BS,ITA,12806,17.666666666666668
17,3,55.0,2020-04-30,Brescia,Lombardia,45.53993052,,10.21910323,,BS,ITA,12861,30.166666666666668
17,3,68.0,2020-05-01,Brescia,Lombardia,45.53993052,,10.21910323,,BS,ITA,12929,32.5
17,3,70.0,2020-05-02,Brescia,Lombardia,45.53993052,,10.21910323,,BS,ITA,12999,35.583333333333336
17,3,29.0,2020-05-03,Brescia,Lombardia,45.53993052,,10.21910323,,BS,ITA,13028,35.91666666666667
17,3,94.0,2020-05-04,Brescia,Lombardia,45.53993052,,10.21910323,,BS,ITA,13122,40.33333333333333
17,3,46.0,2020-05-05,Brescia,Lombardia,45.53993052,,10.21910323,,BS,ITA,13168,39.666666666666664
17,3,99.0,2020-05-06,Brescia,Lombardia,45.53993052,,10.21910323,,BS,ITA,13267,38.0
17,3,124.0,2020-05-07,Brescia,Lombardia,45.53993052,,10.21910323,,BS,ITA,13391,46.0
17,3,69.0,2020-05-08,Brescia,Lombardia,45.53993052,,10.21910323,,BS,ITA,13460,60.583333333333336
17,3,46.0,2020-05-09,Brescia,Lombardia,45.53993052,,10.21910323,,BS,ITA,13506,57.333333333333336
17,3,44.0,2020-05-10,Brescia,Lombardia,45.53993052,,10.21910323,,BS,ITA,13550,51.416666666666664
17,3,70.0,2020-05-11,Brescia,Lombardia,45.53993052,,10.21910323,,BS,ITA,13620,40.0
17,3,128.0,2020-05-12,Brescia,Lombardia,45.53993052,,10.21910323,,BS,ITA,13748,32.166666666666664
17,3,94.0,2020-05-13,Brescia,Lombardia,45.53993052,,10.21910323,,BS,ITA,13842,28.000000000000004
17,3,106.0,2020-05-14,Brescia,Lombardia,45.53993052,,10.21910323,,BS,ITA,13948,46.0
17,3,60.0,2020-05-15,Brescia,Lombardia,45.53993052,,10.21910323,,BS,ITA,14008,30.5
17,3,83.0,2020-05-16,Brescia,Lombardia,45.53993052,,10.21910323,,BS,ITA,14091,29.5
17,3,56.0,2020-05-17,Brescia,Lombardia,45.53993052,,10.21910323,,BS,ITA,14147,32.83333333333333
17,3,11.0,2020-05-18,Brescia,Lombardia,45.53993052,,10.21910323,,BS,ITA,14158,44.0
17,3,41.0,2020-05-19,Brescia,Lombardia,45.53993052,,10.21910323,,BS,ITA,14199,32.0
17,3,50.0,2020-05-20,Brescia,Lombardia,45.53993052,,10.21910323,,BS,ITA,14249,40.33333333333333
17,3,77.0,2020-05-21,Brescia,Lombardia,45.53993052,,10.21910323,,BS,ITA,14326,41.0
17,3,19.0,2020-05-22,Brescia,Lombardia,45.53993052,,10.21910323,,BS,ITA,14345,44.0
17,3,72.0,2020-05-23,Brescia,Lombardia,45.53993052,,10.21910323,,BS,ITA,14417,54.0
17,3,59.0,2020-05-24,Brescia,Lombardia,45.53993052,,10.21910323,,BS,ITA,14476,36.583333333333336
17,3,3.0,2020-05-25,Brescia,Lombardia,45.53993052,,10.21910323,,BS,ITA,14479,41.0
17,3,10.0,2020-05-26,Brescia,Lombardia,45.53993052,,10.21910323,,BS,ITA,14489,38.99999999999999
17,3,33.0,2020-05-27,Brescia,Lombardia,45.53993052,,10.21910323,,BS,ITA,14522,39.666666666666664
17,3,90.0,2020-05-28,Brescia,Lombardia,45.53993052,,10.21910323,,BS,ITA,14612,48.666666666666664
17,3,71.0,2020-05-29,Brescia,Lombardia,45.53993052,,10.21910323,,BS,ITA,14683,35.25
17,3,41.0,2020-05-30,Brescia,Lombardia,45.53993052,,10.21910323,,BS,ITA,14724,36.583333333333336
17,3,44.0,2020-05-31,Brescia,Lombardia,45.53993052,,10.21910323,,BS,ITA,14768,35.25
17,3,6.0,2020-06-01,Brescia,Lombardia,45.53993052,,10.21910323,,BS,ITA,14774,40.0
17,3,36.0,2020-06-02,Brescia,Lombardia,45.53993052,,10.21910323,,BS,ITA,14810,49.25
17,3,51.0,2020-06-03,Brescia,Lombardia,45.53993052,,10.21910323,,BS,ITA,14861,47.083333333333336
17,3,20.0,2020-06-04,Brescia,Lombardia,45.53993052,,10.21910323,,BS,ITA,14881,22.416666666666664
17,3,89.0,2020-06-05,Brescia,Lombardia,45.53993052,,10.21910323,,BS,ITA,14970,45.416666666666664
17,3,18.0,2020-06-06,Brescia,Lombardia,45.53993052,,10.21910323,,BS,ITA,14988,40.0
17,3,19.0,2020-06-07,Brescia,Lombardia,45.53993052,,10.21910323,,BS,ITA,15007,26.416666666666664
17,3,63.0,2020-06-08,Brescia,Lombardia,45.53993052,,10.21910323,,BS,ITA,15070,27.416666666666668
17,3,24.0,2020-06-09,Brescia,Lombardia,45.53993052,,10.21910323,,BS,ITA,15094,35.25
17,3,12.0,2020-06-10,Brescia,Lombardia,45.53993052,,10.21910323,,BS,ITA,15106,31.166666666666664
17,3,81.0,2020-06-11,Brescia,Lombardia,45.53993052,,10.21910323,,BS,ITA,15187,35.91666666666667
17,3,30.0,2020-06-12,Brescia,Lombardia,45.53993052,,10.21910323,,BS,ITA,15217,40.666666666666664
17,3,21.0,2020-06-13,Brescia,Lombardia,45.53993052,,10.21910323,,BS,ITA,15238,46.0
17,3,32.0,2020-06-14,Brescia,Lombardia,45.53993052,,10.21910323,,BS,ITA,15270,38.25
17,3,56.0,2020-06-15,Brescia,Lombardia,45.53993052,,10.21910323,,BS,ITA,15326,36.583333333333336
17,3,11.0,2020-06-16,Brescia,Lombardia,45.53993052,,10.21910323,,BS,ITA,15337,35.91666666666667
17,3,16.0,2020-06-17,Brescia,Lombardia,45.53993052,,10.21910323,,BS,ITA,15353,40.0
17,3,41.0,2020-06-18,Brescia,Lombardia,45.53993052,,10.21910323,,BS,ITA,15394,37.25
17,3,21.0,2020-06-19,Brescia,Lombardia,45.53993052,,10.21910323,,BS,ITA,15415,37.916666666666664
17,3,27.0,2020-06-20,Brescia,Lombardia,45.53993052,,10.21910323,,BS,ITA,15442,38.25
17,3,37.0,2020-06-21,Brescia,Lombardia,45.53993052,,10.21910323,,BS,ITA,15479,48.666666666666664
17,3,20.0,2020-06-22,Brescia,Lombardia,45.53993052,,10.21910323,,BS,ITA,15499,42.75
17,3,6.0,2020-06-23,Brescia,Lombardia,45.53993052,,10.21910323,,BS,ITA,15505,57.333333333333336
17,3,14.0,2020-06-24,Brescia,Lombardia,45.53993052,,10.21910323,,BS,ITA,15519,52.5
17,3,24.0,2020-06-25,Brescia,Lombardia,45.53993052,,10.21910323,,BS,ITA,15543,53.58333333333333
17,3,27.0,2020-06-26,Brescia,Lombardia,45.53993052,,10.21910323,,BS,ITA,15570,52.5
17,3,14.0,2020-06-27,Brescia,Lombardia,45.53993052,,10.21910323,,BS,ITA,15584,65.0
17,3,27.0,2020-06-28,Brescia,Lombardia,45.53993052,,10.21910323,,BS,ITA,15611,50.83333333333333
17,3,9.0,2020-06-29,Brescia,Lombardia,45.53993052,,10.21910323,,BS,ITA,15620,30.0
17,3,6.0,2020-06-30,Brescia,Lombardia,45.53993052,,10.21910323,,BS,ITA,15626,30.0
17,3,18.0,2020-07-01,Brescia,Lombardia,45.53993052,,10.21910323,,BS,ITA,15644,54.666666666666664
17,3,9.0,2020-07-02,Brescia,Lombardia,45.53993052,,10.21910323,,BS,ITA,15653,51.416666666666664
17,3,15.0,2020-07-03,Brescia,Lombardia,45.53993052,,10.21910323,,BS,ITA,15668,40.33333333333333
17,3,13.0,2020-07-04,Brescia,Lombardia,45.53993052,,10.21910323,,BS,ITA,15681,43.25
17,3,6.0,2020-07-05,Brescia,Lombardia,45.53993052,,10.21910323,,BS,ITA,15687,56.833333333333336
17,3,10.0,2020-07-06,Brescia,Lombardia,45.53993052,,10.21910323,,BS,ITA,15697,67.16666666666666
17,3,17.0,2020-07-07,Brescia,Lombardia,45.53993052,,10.21910323,,BS,ITA,15714,37.916666666666664
17,3,9.0,2020-07-08,Brescia,Lombardia,45.53993052,,10.21910323,,BS,ITA,15723,53.58333333333333
17,3,14.0,2020-07-09,Brescia,Lombardia,45.53993052,,10.21910323,,BS,ITA,15737,75.25
17,3,17.0,2020-07-10,Brescia,Lombardia,45.53993052,,10.21910323,,BS,ITA,15754,73.08333333333333
17,3,16.0,2020-07-11,Brescia,Lombardia,45.53993052,,10.21910323,,BS,ITA,15770,60.083333333333336
17,3,6.0,2020-07-12,Brescia,Lombardia,45.53993052,,10.21910323,,BS,ITA,15776,35.583333333333336
17,3,13.0,2020-07-13,Brescia,Lombardia,45.53993052,,10.21910323,,BS,ITA,15789,40.33333333333333
17,3,7.0,2020-07-14,Brescia,Lombardia,45.53993052,,10.21910323,,BS,ITA,15796,46.0
17,3,8.0,2020-07-15,Brescia,Lombardia,45.53993052,,10.21910323,,BS,ITA,15804,54.666666666666664
17,3,5.0,2020-07-16,Brescia,Lombardia,45.53993052,,10.21910323,,BS,ITA,15809,57.333333333333336
17,3,13.0,2020-07-17,Brescia,Lombardia,45.53993052,,10.21910323,,BS,ITA,15822,43.25
17,3,9.0,2020-07-18,Brescia,Lombardia,45.53993052,,10.21910323,,BS,ITA,15831,41.0
17,3,6.0,2020-07-19,Brescia,Lombardia,45.53993052,,10.21910323,,BS,ITA,15837,49.25
17,3,5.0,2020-07-20,Brescia,Lombardia,45.53993052,,10.21910323,,BS,ITA,15842,56.833333333333336
17,3,7.0,2020-07-21,Brescia,Lombardia,45.53993052,,10.21910323,,BS,ITA,15849,59.50000000000001
17,3,10.0,2020-07-22,Brescia,Lombardia,45.53993052,,10.21910323,,BS,ITA,15859,69.33333333333334
17,3,6.0,2020-07-23,Brescia,Lombardia,45.53993052,,10.21910323,,BS,ITA,15865,60.583333333333336
17,3,7.0,2020-07-24,Brescia,Lombardia,45.53993052,,10.21910323,,BS,ITA,15872,30.5
17,3,16.0,2020-07-25,Brescia,Lombardia,45.53993052,,10.21910323,,BS,ITA,15888,40.666666666666664
17,3,9.0,2020-07-26,Brescia,Lombardia,45.53993052,,10.21910323,,BS,ITA,15897,50.33333333333333
17,3,2.0,2020-07-27,Brescia,Lombardia,45.53993052,,10.21910323,,BS,ITA,15899,60.583333333333336
17,3,3.0,2020-07-28,Brescia,Lombardia,45.53993052,,10.21910323,,BS,ITA,15902,59.0
17,3,12.0,2020-07-29,Brescia,Lombardia,45.53993052,,10.21910323,,BS,ITA,15914,64.0
17,3,17.0,2020-07-30,Brescia,Lombardia,45.53993052,,10.21910323,,BS,ITA,15931,66.0
17,3,6.0,2020-07-31,Brescia,Lombardia,45.53993052,,10.21910323,,BS,ITA,15937,94.25
48,9,,2020-02-24,Firenze,Toscana,43.76923077,,11.25588885,,FI,ITA,0,48.0
48,9,1.0,2020-02-25,Firenze,Toscana,43.76923077,,11.25588885,,FI,ITA,1,42.0
48,9,1.0,2020-02-26,Firenze,Toscana,43.76923077,,11.25588885,,FI,ITA,2,38.0
48,9,-1.0,2020-02-27,Firenze,Toscana,43.76923077,,11.25588885,,FI,ITA,1,22.0
48,9,6.0,2020-02-28,Firenze,Toscana,43.76923077,,11.25588885,,FI,ITA,7,28.000000000000004
48,9,-2.0,2020-02-29,Firenze,Toscana,43.76923077,,11.25588885,,FI,ITA,5,46.0
48,9,0.0,2020-03-01,Firenze,Toscana,43.76923077,,11.25588885,,FI,ITA,5,36.0
48,9,3.0,2020-03-03,Firenze,Toscana,43.76923077,,11.25588885,,FI,ITA,7,34.0
48,9,5.0,2020-03-04,Firenze,Toscana,43.76923077,,11.25588885,,FI,ITA,12,22.0
48,9,8.0,2020-03-05,Firenze,Toscana,43.76923077,,11.25588885,,FI,ITA,20,24.0
48,9,3.0,2020-03-06,Firenze,Toscana,43.76923077,,11.25588885,,FI,ITA,23,24.0
48,9,4.0,2020-03-07,Firenze,Toscana,43.76923077,,11.25588885,,FI,ITA,27,18.0
48,9,12.0,2020-03-08,Firenze,Toscana,43.76923077,,11.25588885,,FI,ITA,39,28.000000000000004
48,9,12.0,2020-03-09,Firenze,Toscana,43.76923077,,11.25588885,,FI,ITA,51,34.0
48,9,10.0,2020-03-10,Firenze,Toscana,43.76923077,,11.25588885,,FI,ITA,61,32.0
48,9,10.0,2020-03-11,Firenze,Toscana,43.76923077,,11.25588885,,FI,ITA,71,40.0
48,9,15.0,2020-03-12,Firenze,Toscana,43.76923077,,11.25588885,,FI,ITA,86,62.0
48,9,15.0,2020-03-13,Firenze,Toscana,43.76923077,,11.25588885,,FI,ITA,101,38.0
48,9,31.0,2020-03-14,Firenze,Toscana,43.76923077,,11.25588885,,FI,ITA,132,30.0
48,9,30.0,2020-03-15,Firenze,Toscana,43.76923077,,11.25588885,,FI,ITA,162,16.0
48,9,24.0,2020-03-16,Firenze,Toscana,43.76923077,,11.25588885,,FI,ITA,186,22.0
48,9,28.0,2020-03-17,Firenze,Toscana,43.76923077,,11.25588885,,FI,ITA,214,38.0
48,9,81.0,2020-03-18,Firenze,Toscana,43.76923077,,11.25588885,,FI,ITA,295,38.0
48,9,54.0,2020-03-19,Firenze,Toscana,43.76923077,,11.25588885,,FI,ITA,349,38.0
48,9,52.0,2020-03-20,Firenze,Toscana,43.76923077,,11.25588885,,FI,ITA,401,46.0
48,9,50.0,2020-03-21,Firenze,Toscana,43.76923077,,11.25588885,,FI,ITA,451,42.0
48,9,63.0,2020-03-22,Firenze,Toscana,43.76923077,,11.25588885,,FI,ITA,514,32.0
48,9,34.0,2020-03-23,Firenze,Toscana,43.76923077,,11.25588885,,FI,ITA,548,20.0
48,9,74.0,2020-03-24,Firenze,Toscana,43.76923077,,11.25588885,,FI,ITA,622,20.0
48,9,87.0,2020-03-25,Firenze,Toscana,43.76923077,,11.25588885,,FI,ITA,709,20.0
48,9,55.0,2020-03-26,Firenze,Toscana,43.76923077,,11.25588885,,FI,ITA,764,20.0
48,9,0.0,2020-03-27,Firenze,Toscana,43.76923077,,11.25588885,,FI,ITA,764,44.0
48,9,91.0,2020-03-28,Firenze,Toscana,43.76923077,,11.25588885,,FI,ITA,855,9.6
48,9,102.0,2020-03-29,Firenze,Toscana,43.76923077,,11.25588885,,FI,ITA,957,5.05
48,9,65.0,2020-03-30,Firenze,Toscana,43.76923077,,11.25588885,,FI,ITA,1022,50.0
48,9,65.0,2020-03-31,Firenze,Toscana,43.76923077,,11.25588885,,FI,ITA,1087,14.000000000000002
48,9,71.0,2020-04-01,Firenze,Toscana,43.76923077,,11.25588885,,FI,ITA,1158,24.0
48,9,261.0,2020-04-02,Firenze,Toscana,43.76923077,,11.25588885,,FI,ITA,1419,24.0
48,9,124.0,2020-04-03,Firenze,Toscana,43.76923077,,11.25588885,,FI,ITA,1543,26.0
48,9,83.0,2020-04-04,Firenze,Toscana,43.76923077,,11.25588885,,FI,ITA,1626,32.0
48,9,89.0,2020-04-05,Firenze,Toscana,43.76923077,,11.25588885,,FI,ITA,1715,30.0
48,9,54.0,2020-04-06,Firenze,Toscana,43.76923077,,11.25588885,,FI,ITA,1769,44.0
48,9,36.0,2020-04-07,Firenze,Toscana,43.76923077,,11.25588885,,FI,ITA,1805,42.0
48,9,66.0,2020-04-08,Firenze,Toscana,43.76923077,,11.25588885,,FI,ITA,1871,34.0
48,9,90.0,2020-04-09,Firenze,Toscana,43.76923077,,11.25588885,,FI,ITA,1961,34.0
48,9,108.0,2020-04-10,Firenze,Toscana,43.76923077,,11.25588885,,FI,ITA,2069,38.0
48,9,85.0,2020-04-11,Firenze,Toscana,43.76923077,,11.25588885,,FI,ITA,2154,34.0
48,9,105.0,2020-04-12,Firenze,Toscana,43.76923077,,11.25588885,,FI,ITA,2259,28.000000000000004
48,9,10.0,2020-04-13,Firenze,Toscana,43.76923077,,11.25588885,,FI,ITA,2269,30.0
48,9,42.0,2020-04-14,Firenze,Toscana,43.76923077,,11.25588885,,FI,ITA,2311,24.0
48,9,61.0,2020-04-15,Firenze,Toscana,43.76923077,,11.25588885,,FI,ITA,2372,18.0
48,9,71.0,2020-04-16,Firenze,Toscana,43.76923077,,11.25588885,,FI,ITA,2443,24.0
48,9,51.0,2020-04-17,Firenze,Toscana,43.76923077,,11.25588885,,FI,ITA,2494,34.0
48,9,69.0,2020-04-18,Firenze,Toscana,43.76923077,,11.25588885,,FI,ITA,2563,40.0
48,9,46.0,2020-04-19,Firenze,Toscana,43.76923077,,11.25588885,,FI,ITA,2609,44.0
48,9,44.0,2020-04-20,Firenze,Toscana,43.76923077,,11.25588885,,FI,ITA,2653,20.0
48,9,51.0,2020-04-21,Firenze,Toscana,43.76923077,,11.25588885,,FI,ITA,2704,20.0
48,9,56.0,2020-04-22,Firenze,Toscana,43.76923077,,11.25588885,,FI,ITA,2760,28.000000000000004
48,9,35.0,2020-04-23,Firenze,Toscana,43.76923077,,11.25588885,,FI,ITA,2795,36.0
48,9,54.0,2020-04-24,Firenze,Toscana,43.76923077,,11.25588885,,FI,ITA,2849,38.0
48,9,75.0,2020-04-25,Firenze,Toscana,43.76923077,,11.25588885,,FI,ITA,2924,24.0
48,9,79.0,2020-04-26,Firenze,Toscana,43.76923077,,11.25588885,,FI,ITA,3003,20.0
48,9,8.0,2020-04-27,Firenze,Toscana,43.76923077,,11.25588885,,FI,ITA,3011,20.0
48,9,28.0,2020-04-28,Firenze,Toscana,43.76923077,,11.25588885,,FI,ITA,3039,20.0
48,9,40.0,2020-04-29,Firenze,Toscana,43.76923077,,11.25588885,,FI,ITA,3079,24.0
48,9,41.0,2020-04-30,Firenze,Toscana,43.76923077,,11.25588885,,FI,ITA,3120,26.0
48,9,36.0,2020-05-01,Firenze,Toscana,43.76923077,,11.25588885,,FI,ITA,3156,22.0
48,9,37.0,2020-05-02,Firenze,Toscana,43.76923077,,11.25588885,,FI,ITA,3193,30.0
48,9,17.0,2020-05-03,Firenze,Toscana,43.76923077,,11.25588885,,FI,ITA,3210,16.0
48,9,14.0,2020-05-04,Firenze,Toscana,43.76923077,,11.25588885,,FI,ITA,3224,16.0
48,9,18.0,2020-05-05,Firenze,Toscana,43.76923077,,11.25588885,,FI,ITA,3242,24.0
48,9,15.0,2020-05-06,Firenze,Toscana,43.76923077,,11.25588885,,FI,ITA,3257,18.0
48,9,18.0,2020-05-07,Firenze,Toscana,43.76923077,,11.25588885,,FI,ITA,3275,20.0
48,9,21.0,2020-05-08,Firenze,Toscana,43.76923077,,11.25588885,,FI,ITA,3296,26.0
48,9,9.0,2020-05-09,Firenze,Toscana,43.76923077,,11.25588885,,FI,ITA,3305,24.0
48,9,11.0,2020-05-10,Firenze,Toscana,43.76923077,,11.25588885,,FI,ITA,3316,26.0
48,9,6.0,2020-05-11,Firenze,Toscana,43.76923077,,11.25588885,,FI,ITA,3322,22.0
48,9,11.0,2020-05-12,Firenze,Toscana,43.76923077,,11.25588885,,FI,ITA,3333,20.0
48,9,7.0,2020-05-13,Firenze,Toscana,43.76923077,,11.25588885,,FI,ITA,3340,32.0
48,9,13.0,2020-05-14,Firenze,Toscana,43.76923077,,11.25588885,,FI,ITA,3353,66.0
48,9,18.0,2020-05-15,Firenze,Toscana,43.76923077,,11.25588885,,FI,ITA,3371,30.0
48,9,14.0,2020-05-16,Firenze,Toscana,43.76923077,,11.25588885,,FI,ITA,3385,24.0
48,9,18.0,2020-05-17,Firenze,Toscana,43.76923077,,11.25588885,,FI,ITA,3403,34.0
48,9,3.0,2020-05-18,Firenze,Toscana,43.76923077,,11.25588885,,FI,ITA,3406,40.0
48,9,5.0,2020-05-19,Firenze,Toscana,43.76923077,,11.25588885,,FI,ITA,3411,46.0
48,9,2.0,2020-05-20,Firenze,Toscana,43.76923077,,11.25588885,,FI,ITA,3413,24.0
48,9,7.0,2020-05-21,Firenze,Toscana,43.76923077,,11.25588885,,FI,ITA,3420,20.0
48,9,16.0,2020-05-22,Firenze,Toscana,43.76923077,,11.25588885,,FI,ITA,3436,24.0
48,9,9.0,2020-05-23,Firenze,Toscana,43.76923077,,11.25588885,,FI,ITA,3445,24.0
48,9,6.0,2020-05-24,Firenze,Toscana,43.76923077,,11.25588885,,FI,ITA,3451,18.0
48,9,0.0,2020-05-25,Firenze,Toscana,43.76923077,,11.25588885,,FI,ITA,3451,16.0
48,9,1.0,2020-05-26,Firenze,Toscana,43.76923077,,11.25588885,,FI,ITA,3452,14.000000000000002
48,9,4.0,2020-05-27,Firenze,Toscana,43.76923077,,11.25588885,,FI,ITA,3456,12.0
48,9,1.0,2020-05-28,Firenze,Toscana,43.76923077,,11.25588885,,FI,ITA,3457,20.0
48,9,1.0,2020-05-29,Firenze,Toscana,43.76923077,,11.25588885,,FI,ITA,3458,10.0
48,9,6.0,2020-05-30,Firenze,Toscana,43.76923077,,11.25588885,,FI,ITA,3464,20.0
48,9,3.0,2020-05-31,Firenze,Toscana,43.76923077,,11.25588885,,FI,ITA,3467,20.0
48,9,1.0,2020-06-01,Firenze,Toscana,43.76923077,,11.25588885,,FI,ITA,3468,16.0
48,9,3.0,2020-06-02,Firenze,Toscana,43.76923077,,11.25588885,,FI,ITA,3471,20.0
48,9,2.0,2020-06-03,Firenze,Toscana,43.76923077,,11.25588885,,FI,ITA,3473,22.0
48,9,0.0,2020-06-04,Firenze,Toscana,43.76923077,,11.25588885,,FI,ITA,3473,22.0
48,9,5.0,2020-06-05,Firenze,Toscana,43.76923077,,11.25588885,,FI,ITA,3478,30.0
48,9,4.0,2020-06-06,Firenze,Toscana,43.76923077,,11.25588885,,FI,ITA,3482,30.0
48,9,1.0,2020-06-07,Firenze,Toscana,43.76923077,,11.25588885,,FI,ITA,3483,24.0
48,9,2.0,2020-06-08,Firenze,Toscana,43.76923077,,11.25588885,,FI,ITA,3485,26.0
48,9,1.0,2020-06-09,Firenze,Toscana,43.76923077,,11.25588885,,FI,ITA,3486,28.000000000000004
48,9,1.0,2020-06-10,Firenze,Toscana,43.76923077,,11.25588885,,FI,ITA,3487,18.0
48,9,5.0,2020-06-11,Firenze,Toscana,43.76923077,,11.25588885,,FI,ITA,3492,18.0
48,9,5.0,2020-06-12,Firenze,Toscana,43.76923077,,11.25588885,,FI,ITA,3497,22.0
48,9,7.0,2020-06-13,Firenze,Toscana,43.76923077,,11.25588885,,FI,ITA,3504,20.0
48,9,6.0,2020-06-14,Firenze,Toscana,43.76923077,,11.25588885,,FI,ITA,3510,14.000000000000002
48,9,3.0,2020-06-15,Firenze,Toscana,43.76923077,,11.25588885,,FI,ITA,3513,32.0
48,9,0.0,2020-06-16,Firenze,Toscana,43.76923077,,11.25588885,,FI,ITA,3513,24.0
48,9,0.0,2020-06-17,Firenze,Toscana,43.76923077,,11.25588885,,FI,ITA,3513,34.0
48,9,1.0,2020-06-18,Firenze,Toscana,43.76923077,,11.25588885,,FI,ITA,3514,24.0
48,9,2.0,2020-06-19,Firenze,Toscana,43.76923077,,11.25588885,,FI,ITA,3516,20.0
48,9,0.0,2020-06-20,Firenze,Toscana,43.76923077,,11.25588885,,FI,ITA,3516,20.0
48,9,1.0,2020-06-21,Firenze,Toscana,43.76923077,,11.25588885,,FI,ITA,3517,20.0
48,9,0.0,2020-06-22,Firenze,Toscana,43.76923077,,11.25588885,,FI,ITA,3517,24.0
48,9,1.0,2020-06-23,Firenze,Toscana,43.76923077,,11.25588885,,FI,ITA,3518,32.0
48,9,-333.0,2020-06-24,Firenze,Toscana,43.76923077,,11.25588885,,FI,ITA,3185,30.0
48,9,0.0,2020-06-25,Firenze,Toscana,43.76923077,,11.25588885,,FI,ITA,3185,34.0
48,9,0.0,2020-06-26,Firenze,Toscana,43.76923077,,11.25588885,,FI,ITA,3185,32.0
48,9,2.0,2020-06-27,Firenze,Toscana,43.76923077,,11.25588885,,FI,ITA,3187,26.0
48,9,0.0,2020-06-28,Firenze,Toscana,43.76923077,,11.25588885,,FI,ITA,3187,30.0
48,9,3.0,2020-06-29,Firenze,Toscana,43.76923077,,11.25588885,,FI,ITA,3190,32.0
48,9,2.0,2020-06-30,Firenze,Toscana,43.76923077,,11.25588885,,FI,ITA,3192,32.0
48,9,0.0,2020-07-01,Firenze,Toscana,43.76923077,,11.25588885,,FI,ITA,3192,36.0
48,9,0.0,2020-07-02,Firenze,Toscana,43.76923077,,11.25588885,,FI,ITA,3192,28.000000000000004
48,9,7.0,2020-07-03,Firenze,Toscana,43.76923077,,11.25588885,,FI,ITA,3199,28.000000000000004
48,9,1.0,2020-07-04,Firenze,Toscana,43.76923077,,11.25588885,,FI,ITA,3200,20.0
48,9,6.0,2020-07-05,Firenze,Toscana,43.76923077,,11.25588885,,FI,ITA,3206,26.0
48,9,0.0,2020-07-06,Firenze,Toscana,43.76923077,,11.25588885,,FI,ITA,3206,32.0
48,9,7.0,2020-07-07,Firenze,Toscana,43.76923077,,11.25588885,,FI,ITA,3213,20.0
48,9,5.0,2020-07-08,Firenze,Toscana,43.76923077,,11.25588885,,FI,ITA,3218,18.0
48,9,0.0,2020-07-09,Firenze,Toscana,43.76923077,,11.25588885,,FI,ITA,3218,36.0
48,9,0.0,2020-07-10,Firenze,Toscana,43.76923077,,11.25588885,,FI,ITA,3218,34.0
48,9,3.0,2020-07-11,Firenze,Toscana,43.76923077,,11.25588885,,FI,ITA,3221,34.0
48,9,1.0,2020-07-12,Firenze,Toscana,43.76923077,,11.25588885,,FI,ITA,3222,16.0
48,9,0.0,2020-07-13,Firenze,Toscana,43.76923077,,11.25588885,,FI,ITA,3222,18.0
48,9,0.0,2020-07-14,Firenze,Toscana,43.76923077,,11.25588885,,FI,ITA,3222,24.0
48,9,1.0,2020-07-15,Firenze,Toscana,43.76923077,,11.25588885,,FI,ITA,3223,24.0
48,9,2.0,2020-07-16,Firenze,Toscana,43.76923077,,11.25588885,,FI,ITA,3225,30.0
48,9,1.0,2020-07-17,Firenze,Toscana,43.76923077,,11.25588885,,FI,ITA,3226,20.0
48,9,0.0,2020-07-18,Firenze,Toscana,43.76923077,,11.25588885,,FI,ITA,3226,12.0
48,9,10.0,2020-07-19,Firenze,Toscana,43.76923077,,11.25588885,,FI,ITA,3236,12.0
48,9,0.0,2020-07-20,Firenze,Toscana,43.76923077,,11.25588885,,FI,ITA,3236,22.0
48,9,3.0,2020-07-21,Firenze,Toscana,43.76923077,,11.25588885,,FI,ITA,3239,26.0
48,9,3.0,2020-07-22,Firenze,Toscana,43.76923077,,11.25588885,,FI,ITA,3242,30.0
48,9,0.0,2020-07-23,Firenze,Toscana,43.76923077,,11.25588885,,FI,ITA,3242,30.0
48,9,4.0,2020-07-24,Firenze,Toscana,43.76923077,,11.25588885,,FI,ITA,3246,24.0
48,9,4.0,2020-07-25,Firenze,Toscana,43.76923077,,11.25588885,,FI,ITA,3250,20.0
48,9,9.0,2020-07-26,Firenze,Toscana,43.76923077,,11.25588885,,FI,ITA,3259,22.0
48,9,2.0,2020-07-27,Firenze,Toscana,43.76923077,,11.25588885,,FI,ITA,3261,30.0
48,9,2.0,2020-07-28,Firenze,Toscana,43.76923077,,11.25588885,,FI,ITA,3263,30.0
48,9,12.0,2020-07-29,Firenze,Toscana,43.76923077,,11.25588885,,FI,ITA,3275,40.0
48,9,6.0,2020-07-30,Firenze,Toscana,43.76923077,,11.25588885,,FI,ITA,3281,40.0
15,3,,2020-02-24,Milano,Lombardia,45.46679409,,9.190347404,,MI,ITA,0,98.0
15,3,8.0,2020-02-25,Milano,Lombardia,45.46679409,,9.190347404,,MI,ITA,8,110.00000000000001
15,3,0.0,2020-02-26,Milano,Lombardia,45.46679409,,9.190347404,,MI,ITA,8,78.0
15,3,7.0,2020-02-27,Milano,Lombardia,45.46679409,,9.190347404,,MI,ITA,15,23.083333333333332
15,3,14.0,2020-02-28,Milano,Lombardia,45.46679409,,9.190347404,,MI,ITA,29,29.5
15,3,1.0,2020-02-29,Milano,Lombardia,45.46679409,,9.190347404,,MI,ITA,30,56.00000000000001
15,3,35.0,2020-03-03,Milano,Lombardia,45.46679409,,9.190347404,,MI,ITA,93,40.0
15,3,52.0,2020-03-04,Milano,Lombardia,45.46679409,,9.190347404,,MI,ITA,145,48.0
15,3,52.0,2020-03-05,Milano,Lombardia,45.46679409,,9.190347404,,MI,ITA,197,44.0
15,3,70.0,2020-03-06,Milano,Lombardia,45.46679409,,9.190347404,,MI,ITA,267,54.0
15,3,94.0,2020-03-07,Milano,Lombardia,45.46679409,,9.190347404,,MI,ITA,361,57.99999999999999
15,3,45.0,2020-03-08,Milano,Lombardia,45.46679409,,9.190347404,,MI,ITA,406,36.0
15,3,100.0,2020-03-09,Milano,Lombardia,45.46679409,,9.190347404,,MI,ITA,506,56.00000000000001
15,3,86.0,2020-03-10,Milano,Lombardia,45.46679409,,9.190347404,,MI,ITA,592,62.0
15,3,333.0,2020-03-11,Milano,Lombardia,45.46679409,,9.190347404,,MI,ITA,925,46.0
15,3,221.0,2020-03-12,Milano,Lombardia,45.46679409,,9.190347404,,MI,ITA,1146,57.99999999999999
15,3,161.0,2020-03-13,Milano,Lombardia,45.46679409,,9.190347404,,MI,ITA,1307,28.16666666666666
15,3,244.0,2020-03-14,Milano,Lombardia,45.46679409,,9.190347404,,MI,ITA,1551,52.0
15,3,199.0,2020-03-15,Milano,Lombardia,45.46679409,,9.190347404,,MI,ITA,1750,40.0
15,3,233.0,2020-03-16,Milano,Lombardia,45.46679409,,9.190347404,,MI,ITA,1983,48.0
15,3,343.0,2020-03-17,Milano,Lombardia,45.46679409,,9.190347404,,MI,ITA,2326,78.0
15,3,318.0,2020-03-18,Milano,Lombardia,45.46679409,,9.190347404,,MI,ITA,2644,88.0
15,3,634.0,2020-03-19,Milano,Lombardia,45.46679409,,9.190347404,,MI,ITA,3278,82.0
15,3,526.0,2020-03-20,Milano,Lombardia,45.46679409,,9.190347404,,MI,ITA,3804,88.0
15,3,868.0,2020-03-21,Milano,Lombardia,45.46679409,,9.190347404,,MI,ITA,4672,60.0
15,3,424.0,2020-03-22,Milano,Lombardia,45.46679409,,9.190347404,,MI,ITA,5096,50.0
15,3,230.0,2020-03-23,Milano,Lombardia,45.46679409,,9.190347404,,MI,ITA,5326,34.0
15,3,375.0,2020-03-24,Milano,Lombardia,45.46679409,,9.190347404,,MI,ITA,5701,44.0
15,3,373.0,2020-03-25,Milano,Lombardia,45.46679409,,9.190347404,,MI,ITA,6074,40.0
15,3,848.0,2020-03-26,Milano,Lombardia,45.46679409,,9.190347404,,MI,ITA,6922,40.0
15,3,547.0,2020-03-27,Milano,Lombardia,45.46679409,,9.190347404,,MI,ITA,7469,60.0
15,3,314.0,2020-03-28,Milano,Lombardia,45.46679409,,9.190347404,,MI,ITA,7783,132.0
15,3,546.0,2020-03-29,Milano,Lombardia,45.46679409,,9.190347404,,MI,ITA,8329,126.0
15,3,347.0,2020-03-30,Milano,Lombardia,45.46679409,,9.190347404,,MI,ITA,8676,50.0
15,3,235.0,2020-03-31,Milano,Lombardia,45.46679409,,9.190347404,,MI,ITA,8911,25.416666666666664
15,3,611.0,2020-04-01,Milano,Lombardia,45.46679409,,9.190347404,,MI,ITA,9522,40.0
15,3,482.0,2020-04-02,Milano,Lombardia,45.46679409,,9.190347404,,MI,ITA,10004,60.0
15,3,387.0,2020-04-03,Milano,Lombardia,45.46679409,,9.190347404,,MI,ITA,10391,76.0
15,3,428.0,2020-04-04,Milano,Lombardia,45.46679409,,9.190347404,,MI,ITA,10819,84.0
15,3,411.0,2020-04-05,Milano,Lombardia,45.46679409,,9.190347404,,MI,ITA,11230,56.00000000000001
15,3,308.0,2020-04-06,Milano,Lombardia,45.46679409,,9.190347404,,MI,ITA,11538,54.0
15,3,249.0,2020-04-07,Milano,Lombardia,45.46679409,,9.190347404,,MI,ITA,11787,70.0
15,3,252.0,2020-04-08,Milano,Lombardia,45.46679409,,9.190347404,,MI,ITA,12039,60.0
15,3,440.0,2020-04-09,Milano,Lombardia,45.46679409,,9.190347404,,MI,ITA,12479,54.0
15,3,269.0,2020-04-10,Milano,Lombardia,45.46679409,,9.190347404,,MI,ITA,12748,60.0
15,3,520.0,2020-04-11,Milano,Lombardia,45.46679409,,9.190347404,,MI,ITA,13268,47.083333333333336
15,3,412.0,2020-04-12,Milano,Lombardia,45.46679409,,9.190347404,,MI,ITA,13680,35.91666666666667
15,3,481.0,2020-04-13,Milano,Lombardia,45.46679409,,9.190347404,,MI,ITA,14161,41.333333333333336
15,3,189.0,2020-04-14,Milano,Lombardia,45.46679409,,9.190347404,,MI,ITA,14350,40.0
15,3,325.0,2020-04-15,Milano,Lombardia,45.46679409,,9.190347404,,MI,ITA,14675,34.25
15,3,277.0,2020-04-16,Milano,Lombardia,45.46679409,,9.190347404,,MI,ITA,14952,56.00000000000001
15,3,325.0,2020-04-17,Milano,Lombardia,45.46679409,,9.190347404,,MI,ITA,15277,37.25
15,3,269.0,2020-04-18,Milano,Lombardia,45.46679409,,9.190347404,,MI,ITA,15546,44.0
15,3,279.0,2020-04-19,Milano,Lombardia,45.46679409,,9.190347404,,MI,ITA,15825,40.0
15,3,287.0,2020-04-20,Milano,Lombardia,45.46679409,,9.190347404,,MI,ITA,16112,36.0
15,3,408.0,2020-04-21,Milano,Lombardia,45.46679409,,9.190347404,,MI,ITA,16520,42.0
15,3,480.0,2020-04-22,Milano,Lombardia,45.46679409,,9.190347404,,MI,ITA,17000,38.58333333333333
15,3,277.0,2020-04-23,Milano,Lombardia,45.46679409,,9.190347404,,MI,ITA,17277,52.0
15,3,412.0,2020-04-24,Milano,Lombardia,45.46679409,,9.190347404,,MI,ITA,17689,64.0
15,3,219.0,2020-04-25,Milano,Lombardia,45.46679409,,9.190347404,,MI,ITA,17908,37.25
15,3,463.0,2020-04-26,Milano,Lombardia,45.46679409,,9.190347404,,MI,ITA,18371,38.25
15,3,188.0,2020-04-27,Milano,Lombardia,45.46679409,,9.190347404,,MI,ITA,18559,29.166666666666668
15,3,278.0,2020-04-28,Milano,Lombardia,45.46679409,,9.190347404,,MI,ITA,18837,26.0
15,3,284.0,2020-04-29,Milano,Lombardia,45.46679409,,9.190347404,,MI,ITA,19121,30.5
15,3,216.0,2020-04-30,Milano,Lombardia,45.46679409,,9.190347404,,MI,ITA,19337,27.416666666666668
15,3,364.0,2020-05-01,Milano,Lombardia,45.46679409,,9.190347404,,MI,ITA,19701,27.416666666666668
15,3,249.0,2020-05-02,Milano,Lombardia,45.46679409,,9.190347404,,MI,ITA,19950,29.5
15,3,118.0,2020-05-03,Milano,Lombardia,45.46679409,,9.190347404,,MI,ITA,20068,36.25
15,3,186.0,2020-05-04,Milano,Lombardia,45.46679409,,9.190347404,,MI,ITA,20254,38.58333333333333
15,3,144.0,2020-05-05,Milano,Lombardia,45.46679409,,9.190347404,,MI,ITA,20398,31.166666666666664
15,3,313.0,2020-05-06,Milano,Lombardia,45.46679409,,9.190347404,,MI,ITA,20711,40.0
15,3,182.0,2020-05-07,Milano,Lombardia,45.46679409,,9.190347404,,MI,ITA,20893,44.333333333333336
15,3,201.0,2020-05-08,Milano,Lombardia,45.46679409,,9.190347404,,MI,ITA,21094,48.166666666666664
15,3,178.0,2020-05-09,Milano,Lombardia,45.46679409,,9.190347404,,MI,ITA,21272,44.333333333333336
15,3,104.0,2020-05-10,Milano,Lombardia,45.46679409,,9.190347404,,MI,ITA,21376,41.0
15,3,114.0,2020-05-11,Milano,Lombardia,45.46679409,,9.190347404,,MI,ITA,21490,27.416666666666668
15,3,136.0,2020-05-12,Milano,Lombardia,45.46679409,,9.190347404,,MI,ITA,21626,28.16666666666666
15,3,105.0,2020-05-13,Milano,Lombardia,45.46679409,,9.190347404,,MI,ITA,21731,34.0
15,3,169.0,2020-05-14,Milano,Lombardia,45.46679409,,9.190347404,,MI,ITA,21900,50.0
15,3,66.0,2020-05-15,Milano,Lombardia,45.46679409,,9.190347404,,MI,ITA,21966,30.833333333333336
15,3,75.0,2020-05-16,Milano,Lombardia,45.46679409,,9.190347404,,MI,ITA,22041,38.0
15,3,110.0,2020-05-17,Milano,Lombardia,45.46679409,,9.190347404,,MI,ITA,22151,30.0
15,3,71.0,2020-05-18,Milano,Lombardia,45.46679409,,9.190347404,,MI,ITA,22222,42.0
15,3,102.0,2020-05-19,Milano,Lombardia,45.46679409,,9.190347404,,MI,ITA,22324,36.0
15,3,48.0,2020-05-20,Milano,Lombardia,45.46679409,,9.190347404,,MI,ITA,22372,40.0
15,3,83.0,2020-05-21,Milano,Lombardia,45.46679409,,9.190347404,,MI,ITA,22455,40.33333333333333
15,3,73.0,2020-05-22,Milano,Lombardia,45.46679409,,9.190347404,,MI,ITA,22528,56.00000000000001
15,3,88.0,2020-05-23,Milano,Lombardia,45.46679409,,9.190347404,,MI,ITA,22616,40.666666666666664
15,3,64.0,2020-05-24,Milano,Lombardia,45.46679409,,9.190347404,,MI,ITA,22680,35.583333333333336
15,3,46.0,2020-05-25,Milano,Lombardia,45.46679409,,9.190347404,,MI,ITA,22726,37.916666666666664
15,3,38.0,2020-05-26,Milano,Lombardia,45.46679409,,9.190347404,,MI,ITA,22764,37.583333333333336
15,3,68.0,2020-05-27,Milano,Lombardia,45.46679409,,9.190347404,,MI,ITA,22832,37.916666666666664
15,3,76.0,2020-05-28,Milano,Lombardia,45.46679409,,9.190347404,,MI,ITA,22908,43.833333333333336
15,3,74.0,2020-05-29,Milano,Lombardia,45.46679409,,9.190347404,,MI,ITA,22982,36.25
15,3,62.0,2020-05-30,Milano,Lombardia,45.46679409,,9.190347404,,MI,ITA,23044,44.333333333333336
15,3,32.0,2020-05-31,Milano,Lombardia,45.46679409,,9.190347404,,MI,ITA,23076,36.25
15,3,18.0,2020-06-01,Milano,Lombardia,45.46679409,,9.190347404,,MI,ITA,23094,39.333333333333336
15,3,45.0,2020-06-02,Milano,Lombardia,45.46679409,,9.190347404,,MI,ITA,23139,38.58333333333333
15,3,37.0,2020-06-03,Milano,Lombardia,45.46679409,,9.190347404,,MI,ITA,23176,36.583333333333336
15,3,31.0,2020-06-04,Milano,Lombardia,45.46679409,,9.190347404,,MI,ITA,23207,20.333333333333332
15,3,99.0,2020-06-05,Milano,Lombardia,45.46679409,,9.190347404,,MI,ITA,23306,33.58333333333333
15,3,59.0,2020-06-06,Milano,Lombardia,45.46679409,,9.190347404,,MI,ITA,23365,36.916666666666664
15,3,43.0,2020-06-07,Milano,Lombardia,45.46679409,,9.190347404,,MI,ITA,23408,20.666666666666668
15,3,29.0,2020-06-08,Milano,Lombardia,45.46679409,,9.190347404,,MI,ITA,23437,23.083333333333332
15,3,46.0,2020-06-09,Milano,Lombardia,45.46679409,,9.190347404,,MI,ITA,23483,29.166666666666668
15,3,27.0,2020-06-10,Milano,Lombardia,45.46679409,,9.190347404,,MI,ITA,23510,25.416666666666664
15,3,71.0,2020-06-11,Milano,Lombardia,45.46679409,,9.190347404,,MI,ITA,23581,20.0
15,3,88.0,2020-06-12,Milano,Lombardia,45.46679409,,9.190347404,,MI,ITA,23669,31.833333333333336
15,3,97.0,2020-06-13,Milano,Lombardia,45.46679409,,9.190347404,,MI,ITA,23766,29.83333333333333
15,3,45.0,2020-06-14,Milano,Lombardia,45.46679409,,9.190347404,,MI,ITA,23811,30.166666666666668
15,3,52.0,2020-06-15,Milano,Lombardia,45.46679409,,9.190347404,,MI,ITA,23863,35.583333333333336
15,3,42.0,2020-06-16,Milano,Lombardia,45.46679409,,9.190347404,,MI,ITA,23905,33.166666666666664
15,3,61.0,2020-06-17,Milano,Lombardia,45.46679409,,9.190347404,,MI,ITA,23966,31.5
15,3,52.0,2020-06-18,Milano,Lombardia,45.46679409,,9.190347404,,MI,ITA,24018,29.166666666666668
15,3,43.0,2020-06-19,Milano,Lombardia,45.46679409,,9.190347404,,MI,ITA,24061,29.83333333333333
15,3,69.0,2020-06-20,Milano,Lombardia,45.46679409,,9.190347404,,MI,ITA,24130,41.0
15,3,31.0,2020-06-21,Milano,Lombardia,45.46679409,,9.190347404,,MI,ITA,24161,31.166666666666664
15,3,23.0,2020-06-22,Milano,Lombardia,45.46679409,,9.190347404,,MI,ITA,24184,40.0
15,3,26.0,2020-06-23,Milano,Lombardia,45.46679409,,9.190347404,,MI,ITA,24210,44.916666666666664
15,3,29.0,2020-06-24,Milano,Lombardia,45.46679409,,9.190347404,,MI,ITA,24239,52.5
15,3,28.0,2020-06-25,Milano,Lombardia,45.46679409,,9.190347404,,MI,ITA,24267,47.083333333333336
15,3,33.0,2020-06-26,Milano,Lombardia,45.46679409,,9.190347404,,MI,ITA,24300,43.25
15,3,4.0,2020-06-27,Milano,Lombardia,45.46679409,,9.190347404,,MI,ITA,24304,44.0
15,3,16.0,2020-06-28,Milano,Lombardia,45.46679409,,9.190347404,,MI,ITA,24320,38.58333333333333
15,3,36.0,2020-06-29,Milano,Lombardia,45.46679409,,9.190347404,,MI,ITA,24356,32.0
15,3,23.0,2020-06-30,Milano,Lombardia,45.46679409,,9.190347404,,MI,ITA,24379,41.0
15,3,21.0,2020-07-01,Milano,Lombardia,45.46679409,,9.190347404,,MI,ITA,24400,41.0
15,3,28.0,2020-07-02,Milano,Lombardia,45.46679409,,9.190347404,,MI,ITA,24428,38.58333333333333
15,3,24.0,2020-07-03,Milano,Lombardia,45.46679409,,9.190347404,,MI,ITA,24452,44.333333333333336
15,3,19.0,2020-07-04,Milano,Lombardia,45.46679409,,9.190347404,,MI,ITA,24471,36.25
15,3,16.0,2020-07-05,Milano,Lombardia,45.46679409,,9.190347404,,MI,ITA,24487,49.25
15,3,12.0,2020-07-06,Milano,Lombardia,45.46679409,,9.190347404,,MI,ITA,24499,59.0
15,3,5.0,2020-07-07,Milano,Lombardia,45.46679409,,9.190347404,,MI,ITA,24504,36.583333333333336
15,3,16.0,2020-07-08,Milano,Lombardia,45.46679409,,9.190347404,,MI,ITA,24520,49.75
15,3,35.0,2020-07-09,Milano,Lombardia,45.46679409,,9.190347404,,MI,ITA,24555,61.66666666666667
15,3,17.0,2020-07-10,Milano,Lombardia,45.46679409,,9.190347404,,MI,ITA,24572,72.00000000000001
15,3,26.0,2020-07-11,Milano,Lombardia,45.46679409,,9.190347404,,MI,ITA,24598,42.16666666666667
15,3,6.0,2020-07-12,Milano,Lombardia,45.46679409,,9.190347404,,MI,ITA,24604,35.583333333333336
15,3,15.0,2020-07-13,Milano,Lombardia,45.46679409,,9.190347404,,MI,ITA,24619,38.25
15,3,7.0,2020-07-14,Milano,Lombardia,45.46679409,,9.190347404,,MI,ITA,24626,42.16666666666667
15,3,18.0,2020-07-15,Milano,Lombardia,45.46679409,,9.190347404,,MI,ITA,24644,44.0
15,3,20.0,2020-07-16,Milano,Lombardia,45.46679409,,9.190347404,,MI,ITA,24664,39.666666666666664
15,3,9.0,2020-07-17,Milano,Lombardia,45.46679409,,9.190347404,,MI,ITA,24673,40.666666666666664
15,3,24.0,2020-07-18,Milano,Lombardia,45.46679409,,9.190347404,,MI,ITA,24697,36.916666666666664
15,3,8.0,2020-07-19,Milano,Lombardia,45.46679409,,9.190347404,,MI,ITA,24705,40.666666666666664
15,3,11.0,2020-07-20,Milano,Lombardia,45.46679409,,9.190347404,,MI,ITA,24716,52.0
15,3,9.0,2020-07-21,Milano,Lombardia,45.46679409,,9.190347404,,MI,ITA,24725,61.66666666666667
15,3,19.0,2020-07-22,Milano,Lombardia,45.46679409,,9.190347404,,MI,ITA,24744,48.666666666666664
15,3,17.0,2020-07-23,Milano,Lombardia,45.46679409,,9.190347404,,MI,ITA,24761,49.75
15,3,22.0,2020-07-24,Milano,Lombardia,45.46679409,,9.190347404,,MI,ITA,24783,30.5
15,3,25.0,2020-07-25,Milano,Lombardia,45.46679409,,9.190347404,,MI,ITA,24808,38.58333333333333
15,3,13.0,2020-07-26,Milano,Lombardia,45.46679409,,9.190347404,,MI,ITA,24821,38.58333333333333
15,3,14.0,2020-07-27,Milano,Lombardia,45.46679409,,9.190347404,,MI,ITA,24835,50.33333333333333
15,3,25.0,2020-07-28,Milano,Lombardia,45.46679409,,9.190347404,,MI,ITA,24860,65.0
15,3,16.0,2020-07-29,Milano,Lombardia,45.46679409,,9.190347404,,MI,ITA,24876,59.50000000000001
15,3,15.0,2020-07-30,Milano,Lombardia,45.46679409,,9.190347404,,MI,ITA,24891,65.0
15,3,35.0,2020-07-31,Milano,Lombardia,45.46679409,,9.190347404,,MI,ITA,24926,55.166666666666664
63,15,,2020-02-24,Napoli,Campania,40.83956555,,14.25084984,,NA,ITA,0,60.0
63,15,0.0,2020-02-25,Napoli,Campania,40.83956555,,14.25084984,,NA,ITA,0,48.0
63,15,0.0,2020-02-26,Napoli,Campania,40.83956555,,14.25084984,,NA,ITA,0,60.0
63,15,3.0,2020-02-27,Napoli,Campania,40.83956555,,14.25084984,,NA,ITA,3,34.0
63,15,1.0,2020-02-28,Napoli,Campania,40.83956555,,14.25084984,,NA,ITA,4,36.0
63,15,9.0,2020-02-29,Napoli,Campania,40.83956555,,14.25084984,,NA,ITA,13,44.0
63,15,4.0,2020-03-01,Napoli,Campania,40.83956555,,14.25084984,,NA,ITA,17,62.0
63,15,0.0,2020-03-02,Napoli,Campania,40.83956555,,14.25084984,,NA,ITA,17,54.0
63,15,13.0,2020-03-03,Napoli,Campania,40.83956555,,14.25084984,,NA,ITA,30,48.0
63,15,-13.0,2020-03-04,Napoli,Campania,40.83956555,,14.25084984,,NA,ITA,17,44.0
63,15,0.0,2020-03-05,Napoli,Campania,40.83956555,,14.25084984,,NA,ITA,17,38.0
63,15,0.0,2020-03-06,Napoli,Campania,40.83956555,,14.25084984,,NA,ITA,17,44.0
63,15,0.0,2020-03-07,Napoli,Campania,40.83956555,,14.25084984,,NA,ITA,17,32.0
63,15,28.0,2020-03-08,Napoli,Campania,40.83956555,,14.25084984,,NA,ITA,45,30.0
63,15,10.0,2020-03-09,Napoli,Campania,40.83956555,,14.25084984,,NA,ITA,55,46.0
63,15,6.0,2020-03-10,Napoli,Campania,40.83956555,,14.25084984,,NA,ITA,61,50.0
63,15,35.0,2020-03-11,Napoli,Campania,40.83956555,,14.25084984,,NA,ITA,96,74.0
63,15,13.0,2020-03-12,Napoli,Campania,40.83956555,,14.25084984,,NA,ITA,109,64.0
63,15,31.0,2020-03-13,Napoli,Campania,40.83956555,,14.25084984,,NA,ITA,140,64.0
63,15,31.0,2020-03-14,Napoli,Campania,40.83956555,,14.25084984,,NA,ITA,171,66.0
63,15,17.0,2020-03-15,Napoli,Campania,40.83956555,,14.25084984,,NA,ITA,188,34.0
63,15,31.0,2020-03-16,Napoli,Campania,40.83956555,,14.25084984,,NA,ITA,219,38.0
63,15,39.0,2020-03-17,Napoli,Campania,40.83956555,,14.25084984,,NA,ITA,258,56.00000000000001
63,15,0.0,2020-03-18,Napoli,Campania,40.83956555,,14.25084984,,NA,ITA,258,57.99999999999999
63,15,100.0,2020-03-19,Napoli,Campania,40.83956555,,14.25084984,,NA,ITA,358,72.0
63,15,58.0,2020-03-20,Napoli,Campania,40.83956555,,14.25084984,,NA,ITA,416,76.0
63,15,47.0,2020-03-21,Napoli,Campania,40.83956555,,14.25084984,,NA,ITA,463,72.0
63,15,41.0,2020-03-22,Napoli,Campania,40.83956555,,14.25084984,,NA,ITA,504,62.0
63,15,39.0,2020-03-23,Napoli,Campania,40.83956555,,14.25084984,,NA,ITA,543,54.0
63,15,45.0,2020-03-24,Napoli,Campania,40.83956555,,14.25084984,,NA,ITA,588,26.0
63,15,38.0,2020-03-25,Napoli,Campania,40.83956555,,14.25084984,,NA,ITA,626,26.0
63,15,39.0,2020-03-26,Napoli,Campania,40.83956555,,14.25084984,,NA,ITA,665,20.0
63,15,69.0,2020-03-27,Napoli,Campania,40.83956555,,14.25084984,,NA,ITA,734,28.000000000000004
63,15,93.0,2020-03-28,Napoli,Campania,40.83956555,,14.25084984,,NA,ITA,827,22.083333333333332
63,15,71.0,2020-03-29,Napoli,Campania,40.83956555,,14.25084984,,NA,ITA,898,40.0
63,15,93.0,2020-03-30,Napoli,Campania,40.83956555,,14.25084984,,NA,ITA,991,74.0
63,15,62.0,2020-03-31,Napoli,Campania,40.83956555,,14.25084984,,NA,ITA,1053,100.0
63,15,108.0,2020-04-01,Napoli,Campania,40.83956555,,14.25084984,,NA,ITA,1161,26.5
63,15,118.0,2020-04-02,Napoli,Campania,40.83956555,,14.25084984,,NA,ITA,1279,34.0
63,15,149.0,2020-04-03,Napoli,Campania,40.83956555,,14.25084984,,NA,ITA,1428,48.0
63,15,70.0,2020-04-04,Napoli,Campania,40.83956555,,14.25084984,,NA,ITA,1498,30.666666666666664
63,15,34.0,2020-04-05,Napoli,Campania,40.83956555,,14.25084984,,NA,ITA,1532,42.0
63,15,36.0,2020-04-06,Napoli,Campania,40.83956555,,14.25084984,,NA,ITA,1568,46.0
63,15,75.0,2020-04-07,Napoli,Campania,40.83956555,,14.25084984,,NA,ITA,1643,54.0
63,15,25.0,2020-04-08,Napoli,Campania,40.83956555,,14.25084984,,NA,ITA,1668,62.0
63,15,31.0,2020-04-09,Napoli,Campania,40.83956555,,14.25084984,,NA,ITA,1699,70.0
63,15,73.0,2020-04-10,Napoli,Campania,40.83956555,,14.25084984,,NA,ITA,1772,76.0
63,15,37.0,2020-04-11,Napoli,Campania,40.83956555,,14.25084984,,NA,ITA,1809,70.0
63,15,62.0,2020-04-12,Napoli,Campania,40.83956555,,14.25084984,,NA,ITA,1871,57.99999999999999
63,15,61.0,2020-04-13,Napoli,Campania,40.83956555,,14.25084984,,NA,ITA,1932,57.99999999999999
63,15,78.0,2020-04-14,Napoli,Campania,40.83956555,,14.25084984,,NA,ITA,2010,54.0
63,15,16.0,2020-04-15,Napoli,Campania,40.83956555,,14.25084984,,NA,ITA,2026,40.0
63,15,46.0,2020-04-16,Napoli,Campania,40.83956555,,14.25084984,,NA,ITA,2072,34.0
63,15,37.0,2020-04-17,Napoli,Campania,40.83956555,,14.25084984,,NA,ITA,2109,50.0
63,15,21.0,2020-04-18,Napoli,Campania,40.83956555,,14.25084984,,NA,ITA,2130,52.0
63,15,29.0,2020-04-19,Napoli,Campania,40.83956555,,14.25084984,,NA,ITA,2159,57.99999999999999
63,15,22.0,2020-04-20,Napoli,Campania,40.83956555,,14.25084984,,NA,ITA,2181,52.0
63,15,46.0,2020-04-21,Napoli,Campania,40.83956555,,14.25084984,,NA,ITA,2227,42.0
63,15,36.0,2020-04-22,Napoli,Campania,40.83956555,,14.25084984,,NA,ITA,2263,34.0
63,15,53.0,2020-04-23,Napoli,Campania,40.83956555,,14.25084984,,NA,ITA,2316,20.0
63,15,18.0,2020-04-24,Napoli,Campania,40.83956555,,14.25084984,,NA,ITA,2334,32.0
63,15,19.0,2020-04-25,Napoli,Campania,40.83956555,,14.25084984,,NA,ITA,2353,34.0
63,15,22.0,2020-04-26,Napoli,Campania,40.83956555,,14.25084984,,NA,ITA,2375,26.0
63,15,14.0,2020-04-27,Napoli,Campania,40.83956555,,14.25084984,,NA,ITA,2389,30.0
63,15,16.0,2020-04-28,Napoli,Campania,40.83956555,,14.25084984,,NA,ITA,2405,34.0
63,15,11.0,2020-04-29,Napoli,Campania,40.83956555,,14.25084984,,NA,ITA,2416,38.0
63,15,7.0,2020-04-30,Napoli,Campania,40.83956555,,14.25084984,,NA,ITA,2423,40.0
63,15,20.0,2020-05-01,Napoli,Campania,40.83956555,,14.25084984,,NA,ITA,2443,28.000000000000004
63,15,11.0,2020-05-02,Napoli,Campania,40.83956555,,14.25084984,,NA,ITA,2454,44.0
63,15,14.0,2020-05-03,Napoli,Campania,40.83956555,,14.25084984,,NA,ITA,2468,40.0
63,15,5.0,2020-05-04,Napoli,Campania,40.83956555,,14.25084984,,NA,ITA,2473,26.833333333333336
63,15,13.0,2020-05-05,Napoli,Campania,40.83956555,,14.25084984,,NA,ITA,2486,34.0
63,15,15.0,2020-05-06,Napoli,Campania,40.83956555,,14.25084984,,NA,ITA,2501,36.0
63,15,5.0,2020-05-07,Napoli,Campania,40.83956555,,14.25084984,,NA,ITA,2506,32.0
63,15,8.0,2020-05-08,Napoli,Campania,40.83956555,,14.25084984,,NA,ITA,2514,34.0
63,15,7.0,2020-05-09,Napoli,Campania,40.83956555,,14.25084984,,NA,ITA,2521,40.0
63,15,4.0,2020-05-10,Napoli,Campania,40.83956555,,14.25084984,,NA,ITA,2525,48.0
63,15,11.0,2020-05-11,Napoli,Campania,40.83956555,,14.25084984,,NA,ITA,2536,62.0
63,15,5.0,2020-05-12,Napoli,Campania,40.83956555,,14.25084984,,NA,ITA,2541,48.0
63,15,8.0,2020-05-13,Napoli,Campania,40.83956555,,14.25084984,,NA,ITA,2549,68.0
63,15,2.0,2020-05-14,Napoli,Campania,40.83956555,,14.25084984,,NA,ITA,2551,104.0
63,15,12.0,2020-05-15,Napoli,Campania,40.83956555,,14.25084984,,NA,ITA,2563,104.0
63,15,5.0,2020-05-16,Napoli,Campania,40.83956555,,14.25084984,,NA,ITA,2568,100.0
63,15,3.0,2020-05-17,Napoli,Campania,40.83956555,,14.25084984,,NA,ITA,2571,102.0
63,15,1.0,2020-05-18,Napoli,Campania,40.83956555,,14.25084984,,NA,ITA,2572,90.0
63,15,4.0,2020-05-19,Napoli,Campania,40.83956555,,14.25084984,,NA,ITA,2576,72.0
63,15,5.0,2020-05-20,Napoli,Campania,40.83956555,,14.25084984,,NA,ITA,2581,42.0
63,15,2.0,2020-05-21,Napoli,Campania,40.83956555,,14.25084984,,NA,ITA,2583,32.0
63,15,2.0,2020-05-22,Napoli,Campania,40.83956555,,14.25084984,,NA,ITA,2585,32.0
63,15,0.0,2020-05-23,Napoli,Campania,40.83956555,,14.25084984,,NA,ITA,2585,40.0
63,15,4.0,2020-05-24,Napoli,Campania,40.83956555,,14.25084984,,NA,ITA,2589,28.000000000000004
63,15,2.0,2020-05-25,Napoli,Campania,40.83956555,,14.25084984,,NA,ITA,2591,30.0
63,15,4.0,2020-05-26,Napoli,Campania,40.83956555,,14.25084984,,NA,ITA,2595,26.0
63,15,2.0,2020-05-27,Napoli,Campania,40.83956555,,14.25084984,,NA,ITA,2597,28.000000000000004
63,15,4.0,2020-05-28,Napoli,Campania,40.83956555,,14.25084984,,NA,ITA,2601,38.0
63,15,10.0,2020-05-29,Napoli,Campania,40.83956555,,14.25084984,,NA,ITA,2611,46.0
63,15,1.0,2020-05-31,Napoli,Campania,40.83956555,,14.25084984,,NA,ITA,2613,24.0
63,15,3.0,2020-06-01,Napoli,Campania,40.83956555,,14.25084984,,NA,ITA,2616,28.000000000000004
63,15,1.0,2020-06-02,Napoli,Campania,40.83956555,,14.25084984,,NA,ITA,2617,28.000000000000004
63,15,4.0,2020-06-03,Napoli,Campania,40.83956555,,14.25084984,,NA,ITA,2621,38.0
63,15,4.0,2020-06-04,Napoli,Campania,40.83956555,,14.25084984,,NA,ITA,2625,32.0
63,15,0.0,2020-06-05,Napoli,Campania,40.83956555,,14.25084984,,NA,ITA,2625,38.0
63,15,1.0,2020-06-06,Napoli,Campania,40.83956555,,14.25084984,,NA,ITA,2626,44.0
63,15,1.0,2020-06-07,Napoli,Campania,40.83956555,,14.25084984,,NA,ITA,2627,36.0
63,15,0.0,2020-06-08,Napoli,Campania,40.83956555,,14.25084984,,NA,ITA,2627,36.0
63,15,3.0,2020-06-09,Napoli,Campania,40.83956555,,14.25084984,,NA,ITA,2630,36.0
63,15,3.0,2020-06-10,Napoli,Campania,40.83956555,,14.25084984,,NA,ITA,2633,38.0
63,15,2.0,2020-06-11,Napoli,Campania,40.83956555,,14.25084984,,NA,ITA,2635,32.0
63,15,0.0,2020-06-12,Napoli,Campania,40.83956555,,14.25084984,,NA,ITA,2635,36.0
63,15,1.0,2020-06-13,Napoli,Campania,40.83956555,,14.25084984,,NA,ITA,2636,42.0
63,15,0.0,2020-06-14,Napoli,Campania,40.83956555,,14.25084984,,NA,ITA,2636,38.0
63,15,4.0,2020-06-15,Napoli,Campania,40.83956555,,14.25084984,,NA,ITA,2640,48.0
63,15,0.0,2020-06-16,Napoli,Campania,40.83956555,,14.25084984,,NA,ITA,2640,52.0
63,15,0.0,2020-06-17,Napoli,Campania,40.83956555,,14.25084984,,NA,ITA,2640,48.0
63,15,1.0,2020-06-18,Napoli,Campania,40.83956555,,14.25084984,,NA,ITA,2641,38.0
63,15,0.0,2020-06-19,Napoli,Campania,40.83956555,,14.25084984,,NA,ITA,2641,40.0
63,15,1.0,2020-06-20,Napoli,Campania,40.83956555,,14.25084984,,NA,ITA,2642,46.0
63,15,1.0,2020-06-21,Napoli,Campania,40.83956555,,14.25084984,,NA,ITA,2643,34.0
63,15,0.0,2020-06-22,Napoli,Campania,40.83956555,,14.25084984,,NA,ITA,2643,26.0
63,15,1.0,2020-06-23,Napoli,Campania,40.83956555,,14.25084984,,NA,ITA,2644,34.0
63,15,0.0,2020-06-24,Napoli,Campania,40.83956555,,14.25084984,,NA,ITA,2644,40.0
63,15,3.0,2020-06-25,Napoli,Campania,40.83956555,,14.25084984,,NA,ITA,2647,48.0
63,15,4.0,2020-06-26,Napoli,Campania,40.83956555,,14.25084984,,NA,ITA,2651,54.0
63,15,0.0,2020-06-27,Napoli,Campania,40.83956555,,14.25084984,,NA,ITA,2651,64.0
63,15,0.0,2020-06-28,Napoli,Campania,40.83956555,,14.25084984,,NA,ITA,2651,64.0
63,15,0.0,2020-06-29,Napoli,Campania,40.83956555,,14.25084984,,NA,ITA,2651,56.00000000000001
63,15,1.0,2020-06-30,Napoli,Campania,40.83956555,,14.25084984,,NA,ITA,2652,48.0
63,15,0.0,2020-07-01,Napoli,Campania,40.83956555,,14.25084984,,NA,ITA,2652,56.00000000000001
63,15,3.0,2020-07-02,Napoli,Campania,40.83956555,,14.25084984,,NA,ITA,2655,62.0
63,15,0.0,2020-07-03,Napoli,Campania,40.83956555,,14.25084984,,NA,ITA,2655,56.00000000000001
63,15,0.0,2020-07-04,Napoli,Campania,40.83956555,,14.25084984,,NA,ITA,2655,46.0
63,15,1.0,2020-07-05,Napoli,Campania,40.83956555,,14.25084984,,NA,ITA,2656,28.000000000000004
63,15,0.0,2020-07-06,Napoli,Campania,40.83956555,,14.25084984,,NA,ITA,2656,44.0
63,15,0.0,2020-07-07,Napoli,Campania,40.83956555,,14.25084984,,NA,ITA,2656,52.0
63,15,0.0,2020-07-08,Napoli,Campania,40.83956555,,14.25084984,,NA,ITA,2656,46.0
63,15,1.0,2020-07-09,Napoli,Campania,40.83956555,,14.25084984,,NA,ITA,2657,52.0
63,15,2.0,2020-07-10,Napoli,Campania,40.83956555,,14.25084984,,NA,ITA,2659,57.99999999999999
63,15,1.0,2020-07-11,Napoli,Campania,40.83956555,,14.25084984,,NA,ITA,2660,48.0
63,15,2.0,2020-07-12,Napoli,Campania,40.83956555,,14.25084984,,NA,ITA,2662,48.0
63,15,3.0,2020-07-13,Napoli,Campania,40.83956555,,14.25084984,,NA,ITA,2665,44.0
63,15,0.0,2020-07-14,Napoli,Campania,40.83956555,,14.25084984,,NA,ITA,2665,40.0
63,15,3.0,2020-07-15,Napoli,Campania,40.83956555,,14.25084984,,NA,ITA,2668,44.0
63,15,3.0,2020-07-16,Napoli,Campania,40.83956555,,14.25084984,,NA,ITA,2671,44.0
63,15,1.0,2020-07-17,Napoli,Campania,40.83956555,,14.25084984,,NA,ITA,2672,44.0
63,15,8.0,2020-07-18,Napoli,Campania,40.83956555,,14.25084984,,NA,ITA,2680,30.0
63,15,2.0,2020-07-19,Napoli,Campania,40.83956555,,14.25084984,,NA,ITA,2682,28.000000000000004
63,15,1.0,2020-07-20,Napoli,Campania,40.83956555,,14.25084984,,NA,ITA,2683,42.0
63,15,1.0,2020-07-21,Napoli,Campania,40.83956555,,14.25084984,,NA,ITA,2684,54.0
63,15,3.0,2020-07-22,Napoli,Campania,40.83956555,,14.25084984,,NA,ITA,2687,68.0
63,15,5.0,2020-07-23,Napoli,Campania,40.83956555,,14.25084984,,NA,ITA,2692,56.00000000000001
63,15,2.0,2020-07-24,Napoli,Campania,40.83956555,,14.25084984,,NA,ITA,2694,44.0
63,15,17.0,2020-07-25,Napoli,Campania,40.83956555,,14.25084984,,NA,ITA,2711,42.0
63,15,5.0,2020-07-26,Napoli,Campania,40.83956555,,14.25084984,,NA,ITA,2716,40.0
63,15,7.0,2020-07-27,Napoli,Campania,40.83956555,,14.25084984,,NA,ITA,2723,56.00000000000001
63,15,20.0,2020-07-28,Napoli,Campania,40.83956555,,14.25084984,,NA,ITA,2743,62.0
63,15,11.0,2020-07-29,Napoli,Campania,40.83956555,,14.25084984,,NA,ITA,2754,60.0
63,15,11.0,2020-07-30,Napoli,Campania,40.83956555,,14.25084984,,NA,ITA,2765,62.0
63,15,4.0,2020-07-31,Napoli,Campania,40.83956555,,14.25084984,,NA,ITA,2769,52.0
63,15,6.0,2020-08-01,Napoli,Campania,40.83956555,,14.25084984,,NA,ITA,2775,57.99999999999999
63,15,0.0,2020-08-02,Napoli,Campania,40.83956555,,14.25084984,,NA,ITA,2775,62.0
58,12,,2020-02-24,Roma,Lazio,41.89277044,,12.48366722,,RM,ITA,0,50.0
58,12,3.0,2020-02-25,Roma,Lazio,41.89277044,,12.48366722,,RM,ITA,3,34.0
58,12,0.0,2020-02-26,Roma,Lazio,41.89277044,,12.48366722,,RM,ITA,3,30.0
58,12,0.0,2020-02-27,Roma,Lazio,41.89277044,,12.48366722,,RM,ITA,3,26.0
58,12,0.0,2020-02-28,Roma,Lazio,41.89277044,,12.48366722,,RM,ITA,3,34.0
58,12,3.0,2020-02-29,Roma,Lazio,41.89277044,,12.48366722,,RM,ITA,6,38.0
58,12,0.0,2020-03-01,Roma,Lazio,41.89277044,,12.48366722,,RM,ITA,6,44.0
58,12,7.0,2020-03-03,Roma,Lazio,41.89277044,,12.48366722,,RM,ITA,14,46.0
58,12,15.0,2020-03-04,Roma,Lazio,41.89277044,,12.48366722,,RM,ITA,29,26.0
58,12,13.0,2020-03-05,Roma,Lazio,41.89277044,,12.48366722,,RM,ITA,42,22.0
58,12,7.0,2020-03-06,Roma,Lazio,41.89277044,,12.48366722,,RM,ITA,49,44.0
58,12,22.0,2020-03-07,Roma,Lazio,41.89277044,,12.48366722,,RM,ITA,71,30.0
58,12,6.0,2020-03-08,Roma,Lazio,41.89277044,,12.48366722,,RM,ITA,77,20.0
58,12,14.0,2020-03-09,Roma,Lazio,41.89277044,,12.48366722,,RM,ITA,91,30.0
58,12,-15.0,2020-03-10,Roma,Lazio,41.89277044,,12.48366722,,RM,ITA,76,40.0
58,12,23.0,2020-03-11,Roma,Lazio,41.89277044,,12.48366722,,RM,ITA,99,56.00000000000001
58,12,63.0,2020-03-12,Roma,Lazio,41.89277044,,12.48366722,,RM,ITA,162,40.0
58,12,56.0,2020-03-13,Roma,Lazio,41.89277044,,12.48366722,,RM,ITA,218,52.0
58,12,70.0,2020-03-14,Roma,Lazio,41.89277044,,12.48366722,,RM,ITA,288,42.0
58,12,66.0,2020-03-15,Roma,Lazio,41.89277044,,12.48366722,,RM,ITA,354,30.0
58,12,58.0,2020-03-16,Roma,Lazio,41.89277044,,12.48366722,,RM,ITA,412,40.0
58,12,74.0,2020-03-17,Roma,Lazio,41.89277044,,12.48366722,,RM,ITA,486,56.00000000000001
58,12,104.0,2020-03-18,Roma,Lazio,41.89277044,,12.48366722,,RM,ITA,590,66.0
58,12,88.0,2020-03-19,Roma,Lazio,41.89277044,,12.48366722,,RM,ITA,678,62.0
58,12,77.0,2020-03-20,Roma,Lazio,41.89277044,,12.48366722,,RM,ITA,755,54.0
58,12,138.0,2020-03-21,Roma,Lazio,41.89277044,,12.48366722,,RM,ITA,893,62.0
58,12,156.0,2020-03-22,Roma,Lazio,41.89277044,,12.48366722,,RM,ITA,1049,62.0
58,12,122.0,2020-03-23,Roma,Lazio,41.89277044,,12.48366722,,RM,ITA,1171,34.0
58,12,116.0,2020-03-24,Roma,Lazio,41.89277044,,12.48366722,,RM,ITA,1287,22.0
58,12,141.0,2020-03-25,Roma,Lazio,41.89277044,,12.48366722,,RM,ITA,1428,20.666666666666668
58,12,139.0,2020-03-26,Roma,Lazio,41.89277044,,12.48366722,,RM,ITA,1567,12.0
58,12,136.0,2020-03-27,Roma,Lazio,41.89277044,,12.48366722,,RM,ITA,1703,12.0
58,12,136.0,2020-03-28,Roma,Lazio,41.89277044,,12.48366722,,RM,ITA,1839,52.0
58,12,106.0,2020-03-29,Roma,Lazio,41.89277044,,12.48366722,,RM,ITA,1945,110.00000000000001
58,12,123.0,2020-03-30,Roma,Lazio,41.89277044,,12.48366722,,RM,ITA,2068,100.0
58,12,118.0,2020-03-31,Roma,Lazio,41.89277044,,12.48366722,,RM,ITA,2186,30.0
58,12,74.0,2020-04-01,Roma,Lazio,41.89277044,,12.48366722,,RM,ITA,2260,25.75
58,12,133.0,2020-04-02,Roma,Lazio,41.89277044,,12.48366722,,RM,ITA,2393,32.0
58,12,110.0,2020-04-03,Roma,Lazio,41.89277044,,12.48366722,,RM,ITA,2503,40.0
58,12,117.0,2020-04-04,Roma,Lazio,41.89277044,,12.48366722,,RM,ITA,2620,34.0
58,12,94.0,2020-04-05,Roma,Lazio,41.89277044,,12.48366722,,RM,ITA,2714,38.0
58,12,55.0,2020-04-06,Roma,Lazio,41.89277044,,12.48366722,,RM,ITA,2769,46.0
58,12,61.0,2020-04-07,Roma,Lazio,41.89277044,,12.48366722,,RM,ITA,2830,57.99999999999999
58,12,80.0,2020-04-08,Roma,Lazio,41.89277044,,12.48366722,,RM,ITA,2910,62.0
58,12,116.0,2020-04-09,Roma,Lazio,41.89277044,,12.48366722,,RM,ITA,3026,57.99999999999999
58,12,88.0,2020-04-10,Roma,Lazio,41.89277044,,12.48366722,,RM,ITA,3114,57.99999999999999
58,12,105.0,2020-04-11,Roma,Lazio,41.89277044,,12.48366722,,RM,ITA,3219,54.0
58,12,96.0,2020-04-12,Roma,Lazio,41.89277044,,12.48366722,,RM,ITA,3315,50.0
58,12,116.0,2020-04-13,Roma,Lazio,41.89277044,,12.48366722,,RM,ITA,3431,40.0
58,12,129.0,2020-04-14,Roma,Lazio,41.89277044,,12.48366722,,RM,ITA,3560,36.0
58,12,105.0,2020-04-15,Roma,Lazio,41.89277044,,12.48366722,,RM,ITA,3665,23.083333333333332
58,12,102.0,2020-04-16,Roma,Lazio,41.89277044,,12.48366722,,RM,ITA,3767,30.0
58,12,121.0,2020-04-17,Roma,Lazio,41.89277044,,12.48366722,,RM,ITA,3888,36.0
58,12,130.0,2020-04-18,Roma,Lazio,41.89277044,,12.48366722,,RM,ITA,4018,32.0
58,12,64.0,2020-04-19,Roma,Lazio,41.89277044,,12.48366722,,RM,ITA,4082,46.0
58,12,51.0,2020-04-20,Roma,Lazio,41.89277044,,12.48366722,,RM,ITA,4133,30.0
58,12,56.0,2020-04-21,Roma,Lazio,41.89277044,,12.48366722,,RM,ITA,4189,26.0
58,12,68.0,2020-04-22,Roma,Lazio,41.89277044,,12.48366722,,RM,ITA,4257,18.0
58,12,56.0,2020-04-23,Roma,Lazio,41.89277044,,12.48366722,,RM,ITA,4313,20.0
58,12,48.0,2020-04-24,Roma,Lazio,41.89277044,,12.48366722,,RM,ITA,4361,30.0
58,12,73.0,2020-04-25,Roma,Lazio,41.89277044,,12.48366722,,RM,ITA,4434,30.0
58,12,67.0,2020-04-26,Roma,Lazio,41.89277044,,12.48366722,,RM,ITA,4501,19.0
58,12,68.0,2020-04-27,Roma,Lazio,41.89277044,,12.48366722,,RM,ITA,4569,24.0
58,12,73.0,2020-04-28,Roma,Lazio,41.89277044,,12.48366722,,RM,ITA,4642,36.0
58,12,52.0,2020-04-29,Roma,Lazio,41.89277044,,12.48366722,,RM,ITA,4694,30.0
58,12,62.0,2020-04-30,Roma,Lazio,41.89277044,,12.48366722,,RM,ITA,4756,24.0
58,12,51.0,2020-05-01,Roma,Lazio,41.89277044,,12.48366722,,RM,ITA,4807,24.75
58,12,56.0,2020-05-02,Roma,Lazio,41.89277044,,12.48366722,,RM,ITA,4863,34.0
58,12,48.0,2020-05-03,Roma,Lazio,41.89277044,,12.48366722,,RM,ITA,4911,24.0
58,12,37.0,2020-05-04,Roma,Lazio,41.89277044,,12.48366722,,RM,ITA,4948,23.75
58,12,57.0,2020-05-05,Roma,Lazio,41.89277044,,12.48366722,,RM,ITA,5005,30.0
58,12,75.0,2020-05-06,Roma,Lazio,41.89277044,,12.48366722,,RM,ITA,5080,32.0
58,12,37.0,2020-05-07,Roma,Lazio,41.89277044,,12.48366722,,RM,ITA,5117,26.0
58,12,47.0,2020-05-08,Roma,Lazio,41.89277044,,12.48366722,,RM,ITA,5164,30.0
58,12,38.0,2020-05-09,Roma,Lazio,41.89277044,,12.48366722,,RM,ITA,5202,30.0
58,12,27.0,2020-05-10,Roma,Lazio,41.89277044,,12.48366722,,RM,ITA,5229,28.000000000000004
58,12,21.0,2020-05-11,Roma,Lazio,41.89277044,,12.48366722,,RM,ITA,5250,28.000000000000004
58,12,16.0,2020-05-12,Roma,Lazio,41.89277044,,12.48366722,,RM,ITA,5266,38.0
58,12,25.0,2020-05-13,Roma,Lazio,41.89277044,,12.48366722,,RM,ITA,5291,56.00000000000001
58,12,17.0,2020-05-14,Roma,Lazio,41.89277044,,12.48366722,,RM,ITA,5308,94.0
58,12,63.0,2020-05-15,Roma,Lazio,41.89277044,,12.48366722,,RM,ITA,5371,42.0
58,12,26.0,2020-05-16,Roma,Lazio,41.89277044,,12.48366722,,RM,ITA,5397,48.0
58,12,39.0,2020-05-17,Roma,Lazio,41.89277044,,12.48366722,,RM,ITA,5436,78.0
58,12,30.0,2020-05-18,Roma,Lazio,41.89277044,,12.48366722,,RM,ITA,5466,68.0
58,12,8.0,2020-05-19,Roma,Lazio,41.89277044,,12.48366722,,RM,ITA,5474,40.0
58,12,20.0,2020-05-20,Roma,Lazio,41.89277044,,12.48366722,,RM,ITA,5494,26.0
58,12,15.0,2020-05-21,Roma,Lazio,41.89277044,,12.48366722,,RM,ITA,5509,30.0
58,12,25.0,2020-05-22,Roma,Lazio,41.89277044,,12.48366722,,RM,ITA,5534,32.0
58,12,15.0,2020-05-23,Roma,Lazio,41.89277044,,12.48366722,,RM,ITA,5549,32.0
58,12,16.0,2020-05-24,Roma,Lazio,41.89277044,,12.48366722,,RM,ITA,5565,34.0
58,12,11.0,2020-05-25,Roma,Lazio,41.89277044,,12.48366722,,RM,ITA,5576,30.0
58,12,15.0,2020-05-26,Roma,Lazio,41.89277044,,12.48366722,,RM,ITA,5591,26.0
58,12,9.0,2020-05-27,Roma,Lazio,41.89277044,,12.48366722,,RM,ITA,5600,25.083333333333336
58,12,14.0,2020-05-28,Roma,Lazio,41.89277044,,12.48366722,,RM,ITA,5614,24.416666666666668
58,12,13.0,2020-05-29,Roma,Lazio,41.89277044,,12.48366722,,RM,ITA,5627,24.0
58,12,5.0,2020-05-30,Roma,Lazio,41.89277044,,12.48366722,,RM,ITA,5632,20.0
58,12,11.0,2020-05-31,Roma,Lazio,41.89277044,,12.48366722,,RM,ITA,5643,20.0
58,12,6.0,2020-06-01,Roma,Lazio,41.89277044,,12.48366722,,RM,ITA,5649,26.0
58,12,5.0,2020-06-02,Roma,Lazio,41.89277044,,12.48366722,,RM,ITA,5654,24.0
58,12,10.0,2020-06-03,Roma,Lazio,41.89277044,,12.48366722,,RM,ITA,5664,22.0
58,12,11.0,2020-06-04,Roma,Lazio,41.89277044,,12.48366722,,RM,ITA,5675,27.083333333333332
58,12,9.0,2020-06-05,Roma,Lazio,41.89277044,,12.48366722,,RM,ITA,5684,30.0
58,12,18.0,2020-06-06,Roma,Lazio,41.89277044,,12.48366722,,RM,ITA,5702,32.0
58,12,17.0,2020-06-07,Roma,Lazio,41.89277044,,12.48366722,,RM,ITA,5719,28.000000000000004
58,12,16.0,2020-06-08,Roma,Lazio,41.89277044,,12.48366722,,RM,ITA,5735,30.0
58,12,19.0,2020-06-09,Roma,Lazio,41.89277044,,12.48366722,,RM,ITA,5754,32.0
58,12,11.0,2020-06-10,Roma,Lazio,41.89277044,,12.48366722,,RM,ITA,5765,30.0
58,12,16.0,2020-06-11,Roma,Lazio,41.89277044,,12.48366722,,RM,ITA,5781,24.0
58,12,24.0,2020-06-12,Roma,Lazio,41.89277044,,12.48366722,,RM,ITA,5805,24.0
58,12,25.0,2020-06-13,Roma,Lazio,41.89277044,,12.48366722,,RM,ITA,5830,28.000000000000004
58,12,14.0,2020-06-14,Roma,Lazio,41.89277044,,12.48366722,,RM,ITA,5844,34.0
58,12,3.0,2020-06-15,Roma,Lazio,41.89277044,,12.48366722,,RM,ITA,5847,32.0
58,12,9.0,2020-06-16,Roma,Lazio,41.89277044,,12.48366722,,RM,ITA,5856,24.0
58,12,10.0,2020-06-17,Roma,Lazio,41.89277044,,12.48366722,,RM,ITA,5866,38.0
58,12,8.0,2020-06-18,Roma,Lazio,41.89277044,,12.48366722,,RM,ITA,5874,34.0
58,12,8.0,2020-06-19,Roma,Lazio,41.89277044,,12.48366722,,RM,ITA,5882,30.0
58,12,12.0,2020-06-20,Roma,Lazio,41.89277044,,12.48366722,,RM,ITA,5894,30.0
58,12,9.0,2020-06-21,Roma,Lazio,41.89277044,,12.48366722,,RM,ITA,5903,22.416666666666664
58,12,8.0,2020-06-22,Roma,Lazio,41.89277044,,12.48366722,,RM,ITA,5911,20.666666666666668
58,12,6.0,2020-06-23,Roma,Lazio,41.89277044,,12.48366722,,RM,ITA,5917,24.0
58,12,-107.0,2020-06-24,Roma,Lazio,41.89277044,,12.48366722,,RM,ITA,5810,32.0
58,12,7.0,2020-06-25,Roma,Lazio,41.89277044,,12.48366722,,RM,ITA,5817,38.0
58,12,13.0,2020-06-26,Roma,Lazio,41.89277044,,12.48366722,,RM,ITA,5830,32.0
58,12,16.0,2020-06-27,Roma,Lazio,41.89277044,,12.48366722,,RM,ITA,5846,36.0
58,12,14.0,2020-06-28,Roma,Lazio,41.89277044,,12.48366722,,RM,ITA,5860,38.0
58,12,8.0,2020-06-29,Roma,Lazio,41.89277044,,12.48366722,,RM,ITA,5868,34.0
58,12,4.0,2020-06-30,Roma,Lazio,41.89277044,,12.48366722,,RM,ITA,5872,34.0
58,12,8.0,2020-07-01,Roma,Lazio,41.89277044,,12.48366722,,RM,ITA,5880,40.0
58,12,6.0,2020-07-02,Roma,Lazio,41.89277044,,12.48366722,,RM,ITA,5886,44.0
58,12,10.0,2020-07-03,Roma,Lazio,41.89277044,,12.48366722,,RM,ITA,5896,38.0
58,12,29.0,2020-07-04,Roma,Lazio,41.89277044,,12.48366722,,RM,ITA,5925,38.0
58,12,11.0,2020-07-05,Roma,Lazio,41.89277044,,12.48366722,,RM,ITA,5936,24.0
58,12,15.0,2020-07-06,Roma,Lazio,41.89277044,,12.48366722,,RM,ITA,5951,30.0
58,12,6.0,2020-07-07,Roma,Lazio,41.89277044,,12.48366722,,RM,ITA,5957,40.0
58,12,7.0,2020-07-08,Roma,Lazio,41.89277044,,12.48366722,,RM,ITA,5964,38.0
58,12,30.0,2020-07-09,Roma,Lazio,41.89277044,,12.48366722,,RM,ITA,5994,40.0
58,12,21.0,2020-07-10,Roma,Lazio,41.89277044,,12.48366722,,RM,ITA,6015,44.0
58,12,12.0,2020-07-11,Roma,Lazio,41.89277044,,12.48366722,,RM,ITA,6027,34.0
58,12,19.0,2020-07-12,Roma,Lazio,41.89277044,,12.48366722,,RM,ITA,6046,36.0
58,12,21.0,2020-07-13,Roma,Lazio,41.89277044,,12.48366722,,RM,ITA,6067,28.000000000000004
58,12,18.0,2020-07-14,Roma,Lazio,41.89277044,,12.48366722,,RM,ITA,6085,38.0
58,12,18.0,2020-07-15,Roma,Lazio,41.89277044,,12.48366722,,RM,ITA,6103,34.0
58,12,6.0,2020-07-16,Roma,Lazio,41.89277044,,12.48366722,,RM,ITA,6109,36.0
58,12,11.0,2020-07-17,Roma,Lazio,41.89277044,,12.48366722,,RM,ITA,6120,38.0
58,12,19.0,2020-07-18,Roma,Lazio,41.89277044,,12.48366722,,RM,ITA,6139,22.416666666666664
58,12,13.0,2020-07-19,Roma,Lazio,41.89277044,,12.48366722,,RM,ITA,6152,26.083333333333336
58,12,15.0,2020-07-20,Roma,Lazio,41.89277044,,12.48366722,,RM,ITA,6167,30.0
58,12,3.0,2020-07-21,Roma,Lazio,41.89277044,,12.48366722,,RM,ITA,6170,40.0
58,12,13.0,2020-07-22,Roma,Lazio,41.89277044,,12.48366722,,RM,ITA,6183,42.0
58,12,23.0,2020-07-23,Roma,Lazio,41.89277044,,12.48366722,,RM,ITA,6206,38.0
58,12,12.0,2020-07-24,Roma,Lazio,41.89277044,,12.48366722,,RM,ITA,6218,40.0
58,12,15.0,2020-07-25,Roma,Lazio,41.89277044,,12.48366722,,RM,ITA,6233,28.000000000000004
58,12,17.0,2020-07-26,Roma,Lazio,41.89277044,,12.48366722,,RM,ITA,6250,27.083333333333332
58,12,9.0,2020-07-27,Roma,Lazio,41.89277044,,12.48366722,,RM,ITA,6259,38.0
58,12,9.0,2020-07-28,Roma,Lazio,41.89277044,,12.48366722,,RM,ITA,6268,40.0
58,12,32.0,2020-07-29,Roma,Lazio,41.89277044,,12.48366722,,RM,ITA,6300,46.0
58,12,16.0,2020-07-30,Roma,Lazio,41.89277044,,12.48366722,,RM,ITA,6316,50.0
58,12,13.0,2020-07-31,Roma,Lazio,41.89277044,,12.48366722,,RM,ITA,6329,42.0
