codice_provincia,codice_regione,daily_cases,data,denominazione_provincia,denominazione_regione,lat,lon,long,note,sigla_provincia,stato,totale_casi,IQA,MoveIndex
15,3,,2020-02-24,Milano,Lombardia,45.46679409,,9.190347404,,MI,ITA,0,98.0,-42.0
15,3,8.0,2020-02-25,Milano,Lombardia,45.46679409,,9.190347404,,MI,ITA,8,110.00000000000001,-95.0
15,3,0.0,2020-02-26,Milano,Lombardia,45.46679409,,9.190347404,,MI,ITA,8,78.0,-123.0
15,3,7.0,2020-02-27,Milano,Lombardia,45.46679409,,9.190347404,,MI,ITA,15,23.083333333333332,-106.0
15,3,14.0,2020-02-28,Milano,Lombardia,45.46679409,,9.190347404,,MI,ITA,29,29.5,-81.0
15,3,1.0,2020-02-29,Milano,Lombardia,45.46679409,,9.190347404,,MI,ITA,30,56.00000000000001,-125.0
15,3,35.0,2020-03-03,Milano,Lombardia,45.46679409,,9.190347404,,MI,ITA,93,40.0,-60.0
15,3,52.0,2020-03-04,Milano,Lombardia,45.46679409,,9.190347404,,MI,ITA,145,48.0,-38.0
15,3,52.0,2020-03-05,Milano,Lombardia,45.46679409,,9.190347404,,MI,ITA,197,44.0,-140.0
15,3,70.0,2020-03-06,Milano,Lombardia,45.46679409,,9.190347404,,MI,ITA,267,54.0,-98.0
15,3,94.0,2020-03-07,Milano,Lombardia,45.46679409,,9.190347404,,MI,ITA,361,57.99999999999999,-38.0
15,3,45.0,2020-03-08,Milano,Lombardia,45.46679409,,9.190347404,,MI,ITA,406,36.0,-119.0
15,3,100.0,2020-03-09,Milano,Lombardia,45.46679409,,9.190347404,,MI,ITA,506,56.00000000000001,-192.0
15,3,86.0,2020-03-10,Milano,Lombardia,45.46679409,,9.190347404,,MI,ITA,592,62.0,-200.0
15,3,333.0,2020-03-11,Milano,Lombardia,45.46679409,,9.190347404,,MI,ITA,925,46.0,-210.0
15,3,221.0,2020-03-12,Milano,Lombardia,45.46679409,,9.190347404,,MI,ITA,1146,57.99999999999999,-304.0
15,3,161.0,2020-03-13,Milano,Lombardia,45.46679409,,9.190347404,,MI,ITA,1307,28.16666666666666,-305.0
15,3,244.0,2020-03-14,Milano,Lombardia,45.46679409,,9.190347404,,MI,ITA,1551,52.0,-360.0
15,3,199.0,2020-03-15,Milano,Lombardia,45.46679409,,9.190347404,,MI,ITA,1750,40.0,-366.0
15,3,233.0,2020-03-16,Milano,Lombardia,45.46679409,,9.190347404,,MI,ITA,1983,48.0,-330.0
15,3,343.0,2020-03-17,Milano,Lombardia,45.46679409,,9.190347404,,MI,ITA,2326,78.0,-336.0
15,3,318.0,2020-03-18,Milano,Lombardia,45.46679409,,9.190347404,,MI,ITA,2644,88.0,-351.0
15,3,634.0,2020-03-19,Milano,Lombardia,45.46679409,,9.190347404,,MI,ITA,3278,82.0,-361.0
15,3,526.0,2020-03-20,Milano,Lombardia,45.46679409,,9.190347404,,MI,ITA,3804,88.0,-362.0
15,3,868.0,2020-03-21,Milano,Lombardia,45.46679409,,9.190347404,,MI,ITA,4672,60.0,-384.0
15,3,424.0,2020-03-22,Milano,Lombardia,45.46679409,,9.190347404,,MI,ITA,5096,50.0,-424.0
15,3,230.0,2020-03-23,Milano,Lombardia,45.46679409,,9.190347404,,MI,ITA,5326,34.0,-386.0
15,3,375.0,2020-03-24,Milano,Lombardia,45.46679409,,9.190347404,,MI,ITA,5701,44.0,-382.0
15,3,373.0,2020-03-25,Milano,Lombardia,45.46679409,,9.190347404,,MI,ITA,6074,40.0,-391.0
15,3,848.0,2020-03-26,Milano,Lombardia,45.46679409,,9.190347404,,MI,ITA,6922,40.0,-393.0
15,3,547.0,2020-03-27,Milano,Lombardia,45.46679409,,9.190347404,,MI,ITA,7469,60.0,-388.0
15,3,314.0,2020-03-28,Milano,Lombardia,45.46679409,,9.190347404,,MI,ITA,7783,132.0,-393.0
15,3,546.0,2020-03-29,Milano,Lombardia,45.46679409,,9.190347404,,MI,ITA,8329,126.0,-423.0
15,3,347.0,2020-03-30,Milano,Lombardia,45.46679409,,9.190347404,,MI,ITA,8676,50.0,-389.0
15,3,235.0,2020-03-31,Milano,Lombardia,45.46679409,,9.190347404,,MI,ITA,8911,25.416666666666664,-388.0
15,3,611.0,2020-04-01,Milano,Lombardia,45.46679409,,9.190347404,,MI,ITA,9522,40.0,-384.0
15,3,482.0,2020-04-02,Milano,Lombardia,45.46679409,,9.190347404,,MI,ITA,10004,60.0,-384.0
15,3,387.0,2020-04-03,Milano,Lombardia,45.46679409,,9.190347404,,MI,ITA,10391,76.0,-379.0
15,3,428.0,2020-04-04,Milano,Lombardia,45.46679409,,9.190347404,,MI,ITA,10819,84.0,-387.0
15,3,411.0,2020-04-05,Milano,Lombardia,45.46679409,,9.190347404,,MI,ITA,11230,56.00000000000001,-418.0
15,3,308.0,2020-04-06,Milano,Lombardia,45.46679409,,9.190347404,,MI,ITA,11538,54.0,-374.0
15,3,249.0,2020-04-07,Milano,Lombardia,45.46679409,,9.190347404,,MI,ITA,11787,70.0,-370.0
15,3,252.0,2020-04-08,Milano,Lombardia,45.46679409,,9.190347404,,MI,ITA,12039,60.0,-368.0
15,3,440.0,2020-04-09,Milano,Lombardia,45.46679409,,9.190347404,,MI,ITA,12479,54.0,-364.0
15,3,269.0,2020-04-10,Milano,Lombardia,45.46679409,,9.190347404,,MI,ITA,12748,60.0,-362.0
15,3,520.0,2020-04-11,Milano,Lombardia,45.46679409,,9.190347404,,MI,ITA,13268,47.083333333333336,-376.0
15,3,412.0,2020-04-12,Milano,Lombardia,45.46679409,,9.190347404,,MI,ITA,13680,35.91666666666667,-442.0
15,3,481.0,2020-04-13,Milano,Lombardia,45.46679409,,9.190347404,,MI,ITA,14161,41.333333333333336,-449.0
15,3,189.0,2020-04-14,Milano,Lombardia,45.46679409,,9.190347404,,MI,ITA,14350,40.0,-366.0
15,3,325.0,2020-04-15,Milano,Lombardia,45.46679409,,9.190347404,,MI,ITA,14675,34.25,-364.0
15,3,277.0,2020-04-16,Milano,Lombardia,45.46679409,,9.190347404,,MI,ITA,14952,56.00000000000001,-363.0
15,3,325.0,2020-04-17,Milano,Lombardia,45.46679409,,9.190347404,,MI,ITA,15277,37.25,-362.0
15,3,269.0,2020-04-18,Milano,Lombardia,45.46679409,,9.190347404,,MI,ITA,15546,44.0,-370.0
15,3,279.0,2020-04-19,Milano,Lombardia,45.46679409,,9.190347404,,MI,ITA,15825,40.0,-408.0
15,3,287.0,2020-04-20,Milano,Lombardia,45.46679409,,9.190347404,,MI,ITA,16112,36.0,-378.0
15,3,408.0,2020-04-21,Milano,Lombardia,45.46679409,,9.190347404,,MI,ITA,16520,42.0,-367.0
15,3,480.0,2020-04-22,Milano,Lombardia,45.46679409,,9.190347404,,MI,ITA,17000,38.58333333333333,-354.0
15,3,277.0,2020-04-23,Milano,Lombardia,45.46679409,,9.190347404,,MI,ITA,17277,52.0,-354.0
15,3,412.0,2020-04-24,Milano,Lombardia,45.46679409,,9.190347404,,MI,ITA,17689,64.0,-348.0
15,3,219.0,2020-04-25,Milano,Lombardia,45.46679409,,9.190347404,,MI,ITA,17908,37.25,-393.0
15,3,463.0,2020-04-26,Milano,Lombardia,45.46679409,,9.190347404,,MI,ITA,18371,38.25,-394.0
15,3,188.0,2020-04-27,Milano,Lombardia,45.46679409,,9.190347404,,MI,ITA,18559,29.166666666666668,-347.0
15,3,278.0,2020-04-28,Milano,Lombardia,45.46679409,,9.190347404,,MI,ITA,18837,26.0,-351.0
15,3,284.0,2020-04-29,Milano,Lombardia,45.46679409,,9.190347404,,MI,ITA,19121,30.5,-338.0
15,3,216.0,2020-04-30,Milano,Lombardia,45.46679409,,9.190347404,,MI,ITA,19337,27.416666666666668,-341.0
15,3,364.0,2020-05-01,Milano,Lombardia,45.46679409,,9.190347404,,MI,ITA,19701,27.416666666666668,-433.0
15,3,249.0,2020-05-02,Milano,Lombardia,45.46679409,,9.190347404,,MI,ITA,19950,29.5,-334.0
15,3,118.0,2020-05-03,Milano,Lombardia,45.46679409,,9.190347404,,MI,ITA,20068,36.25,-363.0
15,3,186.0,2020-05-04,Milano,Lombardia,45.46679409,,9.190347404,,MI,ITA,20254,38.58333333333333,-234.0
15,3,144.0,2020-05-05,Milano,Lombardia,45.46679409,,9.190347404,,MI,ITA,20398,31.166666666666664,-233.0
15,3,313.0,2020-05-06,Milano,Lombardia,45.46679409,,9.190347404,,MI,ITA,20711,40.0,-236.0
15,3,182.0,2020-05-07,Milano,Lombardia,45.46679409,,9.190347404,,MI,ITA,20893,44.333333333333336,-227.0
15,3,201.0,2020-05-08,Milano,Lombardia,45.46679409,,9.190347404,,MI,ITA,21094,48.166666666666664,-230.0
15,3,178.0,2020-05-09,Milano,Lombardia,45.46679409,,9.190347404,,MI,ITA,21272,44.333333333333336,-198.0
15,3,104.0,2020-05-10,Milano,Lombardia,45.46679409,,9.190347404,,MI,ITA,21376,41.0,-244.0
15,3,114.0,2020-05-11,Milano,Lombardia,45.46679409,,9.190347404,,MI,ITA,21490,27.416666666666668,-317.0
15,3,136.0,2020-05-12,Milano,Lombardia,45.46679409,,9.190347404,,MI,ITA,21626,28.16666666666666,-236.0
15,3,105.0,2020-05-13,Milano,Lombardia,45.46679409,,9.190347404,,MI,ITA,21731,34.0,-293.0
15,3,169.0,2020-05-14,Milano,Lombardia,45.46679409,,9.190347404,,MI,ITA,21900,50.0,-223.0
15,3,66.0,2020-05-15,Milano,Lombardia,45.46679409,,9.190347404,,MI,ITA,21966,30.833333333333336,-252.0
15,3,75.0,2020-05-16,Milano,Lombardia,45.46679409,,9.190347404,,MI,ITA,22041,38.0,-206.0
15,3,110.0,2020-05-17,Milano,Lombardia,45.46679409,,9.190347404,,MI,ITA,22151,30.0,-194.0
15,3,71.0,2020-05-18,Milano,Lombardia,45.46679409,,9.190347404,,MI,ITA,22222,42.0,-164.0
15,3,102.0,2020-05-19,Milano,Lombardia,45.46679409,,9.190347404,,MI,ITA,22324,36.0,-220.0
15,3,48.0,2020-05-20,Milano,Lombardia,45.46679409,,9.190347404,,MI,ITA,22372,40.0,-141.0
15,3,83.0,2020-05-21,Milano,Lombardia,45.46679409,,9.190347404,,MI,ITA,22455,40.33333333333333,-152.0
15,3,73.0,2020-05-22,Milano,Lombardia,45.46679409,,9.190347404,,MI,ITA,22528,56.00000000000001,-147.0
15,3,88.0,2020-05-23,Milano,Lombardia,45.46679409,,9.190347404,,MI,ITA,22616,40.666666666666664,-135.0
15,3,64.0,2020-05-24,Milano,Lombardia,45.46679409,,9.190347404,,MI,ITA,22680,35.583333333333336,-106.0
15,3,46.0,2020-05-25,Milano,Lombardia,45.46679409,,9.190347404,,MI,ITA,22726,37.916666666666664,-143.0
15,3,38.0,2020-05-26,Milano,Lombardia,45.46679409,,9.190347404,,MI,ITA,22764,37.583333333333336,-130.0
15,3,68.0,2020-05-27,Milano,Lombardia,45.46679409,,9.190347404,,MI,ITA,22832,37.916666666666664,-126.0
15,3,76.0,2020-05-28,Milano,Lombardia,45.46679409,,9.190347404,,MI,ITA,22908,43.833333333333336,-136.0
15,3,74.0,2020-05-29,Milano,Lombardia,45.46679409,,9.190347404,,MI,ITA,22982,36.25,-129.0
15,3,62.0,2020-05-30,Milano,Lombardia,45.46679409,,9.190347404,,MI,ITA,23044,44.333333333333336,-86.0
15,3,32.0,2020-05-31,Milano,Lombardia,45.46679409,,9.190347404,,MI,ITA,23076,36.25,-100.0
15,3,18.0,2020-06-01,Milano,Lombardia,45.46679409,,9.190347404,,MI,ITA,23094,39.333333333333336,-84.0
15,3,45.0,2020-06-02,Milano,Lombardia,45.46679409,,9.190347404,,MI,ITA,23139,38.58333333333333,-125.0
15,3,37.0,2020-06-03,Milano,Lombardia,45.46679409,,9.190347404,,MI,ITA,23176,36.583333333333336,-161.0
15,3,31.0,2020-06-04,Milano,Lombardia,45.46679409,,9.190347404,,MI,ITA,23207,20.333333333333332,-239.0
15,3,99.0,2020-06-05,Milano,Lombardia,45.46679409,,9.190347404,,MI,ITA,23306,33.58333333333333,-98.0
15,3,59.0,2020-06-06,Milano,Lombardia,45.46679409,,9.190347404,,MI,ITA,23365,36.916666666666664,-75.0
15,3,43.0,2020-06-07,Milano,Lombardia,45.46679409,,9.190347404,,MI,ITA,23408,20.666666666666668,-220.0
15,3,29.0,2020-06-08,Milano,Lombardia,45.46679409,,9.190347404,,MI,ITA,23437,23.083333333333332,-187.0
15,3,46.0,2020-06-09,Milano,Lombardia,45.46679409,,9.190347404,,MI,ITA,23483,29.166666666666668,-130.0
15,3,27.0,2020-06-10,Milano,Lombardia,45.46679409,,9.190347404,,MI,ITA,23510,25.416666666666664,-145.0
15,3,71.0,2020-06-11,Milano,Lombardia,45.46679409,,9.190347404,,MI,ITA,23581,20.0,-148.0
15,3,88.0,2020-06-12,Milano,Lombardia,45.46679409,,9.190347404,,MI,ITA,23669,31.833333333333336,-101.0
15,3,97.0,2020-06-13,Milano,Lombardia,45.46679409,,9.190347404,,MI,ITA,23766,29.83333333333333,-100.0
15,3,45.0,2020-06-14,Milano,Lombardia,45.46679409,,9.190347404,,MI,ITA,23811,30.166666666666668,-69.0
15,3,52.0,2020-06-15,Milano,Lombardia,45.46679409,,9.190347404,,MI,ITA,23863,35.583333333333336,-111.0
15,3,42.0,2020-06-16,Milano,Lombardia,45.46679409,,9.190347404,,MI,ITA,23905,33.166666666666664,-95.0
15,3,61.0,2020-06-17,Milano,Lombardia,45.46679409,,9.190347404,,MI,ITA,23966,31.5,-119.0
15,3,52.0,2020-06-18,Milano,Lombardia,45.46679409,,9.190347404,,MI,ITA,24018,29.166666666666668,-113.0
15,3,43.0,2020-06-19,Milano,Lombardia,45.46679409,,9.190347404,,MI,ITA,24061,29.83333333333333,-105.0
15,3,69.0,2020-06-20,Milano,Lombardia,45.46679409,,9.190347404,,MI,ITA,24130,41.0,-54.0
15,3,31.0,2020-06-21,Milano,Lombardia,45.46679409,,9.190347404,,MI,ITA,24161,31.166666666666664,-81.0
15,3,23.0,2020-06-22,Milano,Lombardia,45.46679409,,9.190347404,,MI,ITA,24184,40.0,-106.0
15,3,26.0,2020-06-23,Milano,Lombardia,45.46679409,,9.190347404,,MI,ITA,24210,44.916666666666664,-80.0
15,3,29.0,2020-06-24,Milano,Lombardia,45.46679409,,9.190347404,,MI,ITA,24239,52.5,-89.0
15,3,28.0,2020-06-25,Milano,Lombardia,45.46679409,,9.190347404,,MI,ITA,24267,47.083333333333336,-103.0
15,3,33.0,2020-06-26,Milano,Lombardia,45.46679409,,9.190347404,,MI,ITA,24300,43.25,-105.0
15,3,4.0,2020-06-27,Milano,Lombardia,45.46679409,,9.190347404,,MI,ITA,24304,44.0,-87.0
15,3,16.0,2020-06-28,Milano,Lombardia,45.46679409,,9.190347404,,MI,ITA,24320,38.58333333333333,-97.0
15,3,36.0,2020-06-29,Milano,Lombardia,45.46679409,,9.190347404,,MI,ITA,24356,32.0,-106.0
15,3,23.0,2020-06-30,Milano,Lombardia,45.46679409,,9.190347404,,MI,ITA,24379,41.0,-84.0
15,3,21.0,2020-07-01,Milano,Lombardia,45.46679409,,9.190347404,,MI,ITA,24400,41.0,-106.0
15,3,28.0,2020-07-02,Milano,Lombardia,45.46679409,,9.190347404,,MI,ITA,24428,38.58333333333333,-112.0
15,3,24.0,2020-07-03,Milano,Lombardia,45.46679409,,9.190347404,,MI,ITA,24452,44.333333333333336,-162.0
15,3,19.0,2020-07-04,Milano,Lombardia,45.46679409,,9.190347404,,MI,ITA,24471,36.25,-80.0
15,3,16.0,2020-07-05,Milano,Lombardia,45.46679409,,9.190347404,,MI,ITA,24487,49.25,-104.0
15,3,12.0,2020-07-06,Milano,Lombardia,45.46679409,,9.190347404,,MI,ITA,24499,59.0,-118.0
15,3,5.0,2020-07-07,Milano,Lombardia,45.46679409,,9.190347404,,MI,ITA,24504,36.583333333333336,-86.0
15,3,16.0,2020-07-08,Milano,Lombardia,45.46679409,,9.190347404,,MI,ITA,24520,49.75,-93.0
15,3,35.0,2020-07-09,Milano,Lombardia,45.46679409,,9.190347404,,MI,ITA,24555,61.66666666666667,-109.0
15,3,17.0,2020-07-10,Milano,Lombardia,45.46679409,,9.190347404,,MI,ITA,24572,72.00000000000001,-122.0
15,3,26.0,2020-07-11,Milano,Lombardia,45.46679409,,9.190347404,,MI,ITA,24598,42.16666666666667,-105.0
15,3,6.0,2020-07-12,Milano,Lombardia,45.46679409,,9.190347404,,MI,ITA,24604,35.583333333333336,-98.0
15,3,15.0,2020-07-13,Milano,Lombardia,45.46679409,,9.190347404,,MI,ITA,24619,38.25,-115.0
15,3,7.0,2020-07-14,Milano,Lombardia,45.46679409,,9.190347404,,MI,ITA,24626,42.16666666666667,-92.0
15,3,18.0,2020-07-15,Milano,Lombardia,45.46679409,,9.190347404,,MI,ITA,24644,44.0,-121.0
15,3,20.0,2020-07-16,Milano,Lombardia,45.46679409,,9.190347404,,MI,ITA,24664,39.666666666666664,-104.0
15,3,9.0,2020-07-17,Milano,Lombardia,45.46679409,,9.190347404,,MI,ITA,24673,40.666666666666664,-119.0
15,3,24.0,2020-07-18,Milano,Lombardia,45.46679409,,9.190347404,,MI,ITA,24697,36.916666666666664,-90.0
15,3,8.0,2020-07-19,Milano,Lombardia,45.46679409,,9.190347404,,MI,ITA,24705,40.666666666666664,-101.0
15,3,11.0,2020-07-20,Milano,Lombardia,45.46679409,,9.190347404,,MI,ITA,24716,52.0,-120.0
15,3,9.0,2020-07-21,Milano,Lombardia,45.46679409,,9.190347404,,MI,ITA,24725,61.66666666666667,-101.0
15,3,19.0,2020-07-22,Milano,Lombardia,45.46679409,,9.190347404,,MI,ITA,24744,48.666666666666664,-121.0
15,3,17.0,2020-07-23,Milano,Lombardia,45.46679409,,9.190347404,,MI,ITA,24761,49.75,-118.0
15,3,22.0,2020-07-24,Milano,Lombardia,45.46679409,,9.190347404,,MI,ITA,24783,30.5,-166.0
15,3,25.0,2020-07-25,Milano,Lombardia,45.46679409,,9.190347404,,MI,ITA,24808,38.58333333333333,-91.0
15,3,13.0,2020-07-26,Milano,Lombardia,45.46679409,,9.190347404,,MI,ITA,24821,38.58333333333333,-96.0
15,3,14.0,2020-07-27,Milano,Lombardia,45.46679409,,9.190347404,,MI,ITA,24835,50.33333333333333,-123.0
15,3,25.0,2020-07-28,Milano,Lombardia,45.46679409,,9.190347404,,MI,ITA,24860,65.0,-115.0
15,3,16.0,2020-07-29,Milano,Lombardia,45.46679409,,9.190347404,,MI,ITA,24876,59.50000000000001,-121.0
15,3,15.0,2020-07-30,Milano,Lombardia,45.46679409,,9.190347404,,MI,ITA,24891,65.0,-141.0
15,3,35.0,2020-07-31,Milano,Lombardia,45.46679409,,9.190347404,,MI,ITA,24926,55.166666666666664,-150.0
15,3,18.0,2020-08-01,Milano,Lombardia,45.46679409,,9.190347404,,MI,ITA,24944,68.75,-147.0
15,3,10.0,2020-08-02,Milano,Lombardia,45.46679409,,9.190347404,,MI,ITA,24954,51.416666666666664,-142.0
15,3,12.0,2020-08-03,Milano,Lombardia,45.46679409,,9.190347404,,MI,ITA,24966,30.166666666666668,-215.0
15,3,19.0,2020-08-04,Milano,Lombardia,45.46679409,,9.190347404,,MI,ITA,24985,30.5,-141.0
15,3,16.0,2020-08-05,Milano,Lombardia,45.46679409,,9.190347404,,MI,ITA,25001,36.583333333333336,-152.0
15,3,16.0,2020-08-06,Milano,Lombardia,45.46679409,,9.190347404,,MI,ITA,25017,50.83333333333333,-169.0
15,3,14.0,2020-08-07,Milano,Lombardia,45.46679409,,9.190347404,,MI,ITA,25031,54.083333333333336,-193.0
15,3,24.0,2020-08-08,Milano,Lombardia,45.46679409,,9.190347404,,MI,ITA,25055,48.0,-182.0
15,3,20.0,2020-08-09,Milano,Lombardia,45.46679409,,9.190347404,,MI,ITA,25075,50.83333333333333,-183.0
15,3,4.0,2020-08-10,Milano,Lombardia,45.46679409,,9.190347404,,MI,ITA,25079,52.0,-232.0
15,3,21.0,2020-08-11,Milano,Lombardia,45.46679409,,9.190347404,,MI,ITA,25100,56.25,-226.0
15,3,29.0,2020-08-12,Milano,Lombardia,45.46679409,,9.190347404,,MI,ITA,25129,57.99999999999999,-245.0
15,3,28.0,2020-08-13,Milano,Lombardia,45.46679409,,9.190347404,,MI,ITA,25157,48.166666666666664,-247.0
15,3,30.0,2020-08-14,Milano,Lombardia,45.46679409,,9.190347404,,MI,ITA,25187,46.5,-249.0
15,3,34.0,2020-08-15,Milano,Lombardia,45.46679409,,9.190347404,,MI,ITA,25221,43.25,-295.0
15,3,25.0,2020-08-16,Milano,Lombardia,45.46679409,,9.190347404,,MI,ITA,25246,40.666666666666664,-216.0
15,3,10.0,2020-08-17,Milano,Lombardia,45.46679409,,9.190347404,,MI,ITA,25256,34.25,-242.0
15,3,15.0,2020-08-18,Milano,Lombardia,45.46679409,,9.190347404,,MI,ITA,25271,38.25,-225.0
15,3,26.0,2020-08-19,Milano,Lombardia,45.46679409,,9.190347404,,MI,ITA,25297,47.583333333333336,-234.0
15,3,47.0,2020-08-20,Milano,Lombardia,45.46679409,,9.190347404,,MI,ITA,25344,50.83333333333333,-238.0
15,3,54.0,2020-08-21,Milano,Lombardia,45.46679409,,9.190347404,,MI,ITA,25398,56.00000000000001,-246.0
63,15,,2020-02-24,Napoli,Campania,40.83956555,,14.25084984,,NA,ITA,0,60.0,-4.0
63,15,0.0,2020-02-25,Napoli,Campania,40.83956555,,14.25084984,,NA,ITA,0,48.0,-10.0
63,15,0.0,2020-02-26,Napoli,Campania,40.83956555,,14.25084984,,NA,ITA,0,60.0,-52.0
63,15,3.0,2020-02-27,Napoli,Campania,40.83956555,,14.25084984,,NA,ITA,3,34.0,-43.0
63,15,1.0,2020-02-28,Napoli,Campania,40.83956555,,14.25084984,,NA,ITA,4,36.0,-44.0
63,15,9.0,2020-02-29,Napoli,Campania,40.83956555,,14.25084984,,NA,ITA,13,44.0,-9.0
63,15,4.0,2020-03-01,Napoli,Campania,40.83956555,,14.25084984,,NA,ITA,17,62.0,-57.0
63,15,0.0,2020-03-02,Napoli,Campania,40.83956555,,14.25084984,,NA,ITA,17,54.0,-40.0
63,15,13.0,2020-03-03,Napoli,Campania,40.83956555,,14.25084984,,NA,ITA,30,48.0,-37.0
63,15,0.0,2020-03-04,Napoli,Campania,40.83956555,,14.25084984,,NA,ITA,17,44.0,-20.0
63,15,0.0,2020-03-05,Napoli,Campania,40.83956555,,14.25084984,,NA,ITA,17,38.0,-42.0
63,15,0.0,2020-03-06,Napoli,Campania,40.83956555,,14.25084984,,NA,ITA,17,44.0,-87.0
63,15,0.0,2020-03-07,Napoli,Campania,40.83956555,,14.25084984,,NA,ITA,17,32.0,-90.0
63,15,28.0,2020-03-08,Napoli,Campania,40.83956555,,14.25084984,,NA,ITA,45,30.0,-96.0
63,15,10.0,2020-03-09,Napoli,Campania,40.83956555,,14.25084984,,NA,ITA,55,46.0,-121.0
63,15,6.0,2020-03-10,Napoli,Campania,40.83956555,,14.25084984,,NA,ITA,61,50.0,-185.0
63,15,35.0,2020-03-11,Napoli,Campania,40.83956555,,14.25084984,,NA,ITA,96,74.0,-235.0
63,15,13.0,2020-03-12,Napoli,Campania,40.83956555,,14.25084984,,NA,ITA,109,64.0,-294.0
63,15,31.0,2020-03-13,Napoli,Campania,40.83956555,,14.25084984,,NA,ITA,140,64.0,-321.0
63,15,31.0,2020-03-14,Napoli,Campania,40.83956555,,14.25084984,,NA,ITA,171,66.0,-356.0
63,15,17.0,2020-03-15,Napoli,Campania,40.83956555,,14.25084984,,NA,ITA,188,34.0,-398.0
63,15,31.0,2020-03-16,Napoli,Campania,40.83956555,,14.25084984,,NA,ITA,219,38.0,-351.0
63,15,39.0,2020-03-17,Napoli,Campania,40.83956555,,14.25084984,,NA,ITA,258,56.00000000000001,-355.0
63,15,0.0,2020-03-18,Napoli,Campania,40.83956555,,14.25084984,,NA,ITA,258,57.99999999999999,-358.0
63,15,100.0,2020-03-19,Napoli,Campania,40.83956555,,14.25084984,,NA,ITA,358,72.0,-366.0
63,15,58.0,2020-03-20,Napoli,Campania,40.83956555,,14.25084984,,NA,ITA,416,76.0,-365.0
63,15,47.0,2020-03-21,Napoli,Campania,40.83956555,,14.25084984,,NA,ITA,463,72.0,-375.0
63,15,41.0,2020-03-22,Napoli,Campania,40.83956555,,14.25084984,,NA,ITA,504,62.0,-431.0
63,15,39.0,2020-03-23,Napoli,Campania,40.83956555,,14.25084984,,NA,ITA,543,54.0,-382.0
63,15,45.0,2020-03-24,Napoli,Campania,40.83956555,,14.25084984,,NA,ITA,588,26.0,-380.0
63,15,38.0,2020-03-25,Napoli,Campania,40.83956555,,14.25084984,,NA,ITA,626,26.0,-390.0
63,15,39.0,2020-03-26,Napoli,Campania,40.83956555,,14.25084984,,NA,ITA,665,20.0,-396.0
63,15,69.0,2020-03-27,Napoli,Campania,40.83956555,,14.25084984,,NA,ITA,734,28.000000000000004,-377.0
63,15,93.0,2020-03-28,Napoli,Campania,40.83956555,,14.25084984,,NA,ITA,827,22.083333333333332,-380.0
63,15,71.0,2020-03-29,Napoli,Campania,40.83956555,,14.25084984,,NA,ITA,898,40.0,-427.0
63,15,93.0,2020-03-30,Napoli,Campania,40.83956555,,14.25084984,,NA,ITA,991,74.0,-377.0
63,15,62.0,2020-03-31,Napoli,Campania,40.83956555,,14.25084984,,NA,ITA,1053,100.0,-380.0
63,15,108.0,2020-04-01,Napoli,Campania,40.83956555,,14.25084984,,NA,ITA,1161,26.5,-375.0
63,15,118.0,2020-04-02,Napoli,Campania,40.83956555,,14.25084984,,NA,ITA,1279,34.0,-377.0
63,15,149.0,2020-04-03,Napoli,Campania,40.83956555,,14.25084984,,NA,ITA,1428,48.0,-367.0
63,15,70.0,2020-04-04,Napoli,Campania,40.83956555,,14.25084984,,NA,ITA,1498,30.666666666666664,-376.0
63,15,34.0,2020-04-05,Napoli,Campania,40.83956555,,14.25084984,,NA,ITA,1532,42.0,-422.0
63,15,36.0,2020-04-06,Napoli,Campania,40.83956555,,14.25084984,,NA,ITA,1568,46.0,-370.0
63,15,75.0,2020-04-07,Napoli,Campania,40.83956555,,14.25084984,,NA,ITA,1643,54.0,-360.0
63,15,25.0,2020-04-08,Napoli,Campania,40.83956555,,14.25084984,,NA,ITA,1668,62.0,-355.0
63,15,31.0,2020-04-09,Napoli,Campania,40.83956555,,14.25084984,,NA,ITA,1699,70.0,-348.0
63,15,73.0,2020-04-10,Napoli,Campania,40.83956555,,14.25084984,,NA,ITA,1772,76.0,-351.0
63,15,37.0,2020-04-11,Napoli,Campania,40.83956555,,14.25084984,,NA,ITA,1809,70.0,-366.0
63,15,62.0,2020-04-12,Napoli,Campania,40.83956555,,14.25084984,,NA,ITA,1871,57.99999999999999,-453.0
63,15,61.0,2020-04-13,Napoli,Campania,40.83956555,,14.25084984,,NA,ITA,1932,57.99999999999999,-470.0
63,15,78.0,2020-04-14,Napoli,Campania,40.83956555,,14.25084984,,NA,ITA,2010,54.0,-373.0
63,15,16.0,2020-04-15,Napoli,Campania,40.83956555,,14.25084984,,NA,ITA,2026,40.0,-364.0
63,15,46.0,2020-04-16,Napoli,Campania,40.83956555,,14.25084984,,NA,ITA,2072,34.0,-359.0
63,15,37.0,2020-04-17,Napoli,Campania,40.83956555,,14.25084984,,NA,ITA,2109,50.0,-352.0
63,15,21.0,2020-04-18,Napoli,Campania,40.83956555,,14.25084984,,NA,ITA,2130,52.0,-361.0
63,15,29.0,2020-04-19,Napoli,Campania,40.83956555,,14.25084984,,NA,ITA,2159,57.99999999999999,-418.0
63,15,22.0,2020-04-20,Napoli,Campania,40.83956555,,14.25084984,,NA,ITA,2181,52.0,-371.0
63,15,46.0,2020-04-21,Napoli,Campania,40.83956555,,14.25084984,,NA,ITA,2227,42.0,-352.0
63,15,36.0,2020-04-22,Napoli,Campania,40.83956555,,14.25084984,,NA,ITA,2263,34.0,-371.0
63,15,53.0,2020-04-23,Napoli,Campania,40.83956555,,14.25084984,,NA,ITA,2316,20.0,-347.0
63,15,18.0,2020-04-24,Napoli,Campania,40.83956555,,14.25084984,,NA,ITA,2334,32.0,-325.0
63,15,19.0,2020-04-25,Napoli,Campania,40.83956555,,14.25084984,,NA,ITA,2353,34.0,-398.0
63,15,22.0,2020-04-26,Napoli,Campania,40.83956555,,14.25084984,,NA,ITA,2375,26.0,-435.0
63,15,14.0,2020-04-27,Napoli,Campania,40.83956555,,14.25084984,,NA,ITA,2389,30.0,-325.0
63,15,16.0,2020-04-28,Napoli,Campania,40.83956555,,14.25084984,,NA,ITA,2405,34.0,-331.0
63,15,11.0,2020-04-29,Napoli,Campania,40.83956555,,14.25084984,,NA,ITA,2416,38.0,-324.0
63,15,7.0,2020-04-30,Napoli,Campania,40.83956555,,14.25084984,,NA,ITA,2423,40.0,-299.0
63,15,20.0,2020-05-01,Napoli,Campania,40.83956555,,14.25084984,,NA,ITA,2443,28.000000000000004,-447.0
63,15,11.0,2020-05-02,Napoli,Campania,40.83956555,,14.25084984,,NA,ITA,2454,44.0,-308.0
63,15,14.0,2020-05-03,Napoli,Campania,40.83956555,,14.25084984,,NA,ITA,2468,40.0,-374.0
63,15,5.0,2020-05-04,Napoli,Campania,40.83956555,,14.25084984,,NA,ITA,2473,26.833333333333336,-241.0
63,15,13.0,2020-05-05,Napoli,Campania,40.83956555,,14.25084984,,NA,ITA,2486,34.0,-237.0
63,15,15.0,2020-05-06,Napoli,Campania,40.83956555,,14.25084984,,NA,ITA,2501,36.0,-234.0
63,15,5.0,2020-05-07,Napoli,Campania,40.83956555,,14.25084984,,NA,ITA,2506,32.0,-239.0
63,15,8.0,2020-05-08,Napoli,Campania,40.83956555,,14.25084984,,NA,ITA,2514,34.0,-232.0
63,15,7.0,2020-05-09,Napoli,Campania,40.83956555,,14.25084984,,NA,ITA,2521,40.0,-213.0
63,15,4.0,2020-05-10,Napoli,Campania,40.83956555,,14.25084984,,NA,ITA,2525,48.0,-247.0
63,15,11.0,2020-05-11,Napoli,Campania,40.83956555,,14.25084984,,NA,ITA,2536,62.0,-237.0
63,15,5.0,2020-05-12,Napoli,Campania,40.83956555,,14.25084984,,NA,ITA,2541,48.0,-210.0
63,15,8.0,2020-05-13,Napoli,Campania,40.83956555,,14.25084984,,NA,ITA,2549,68.0,-232.0
63,15,2.0,2020-05-14,Napoli,Campania,40.83956555,,14.25084984,,NA,ITA,2551,104.0,-225.0
63,15,12.0,2020-05-15,Napoli,Campania,40.83956555,,14.25084984,,NA,ITA,2563,104.0,-218.0
63,15,5.0,2020-05-16,Napoli,Campania,40.83956555,,14.25084984,,NA,ITA,2568,100.0,-199.0
63,15,3.0,2020-05-17,Napoli,Campania,40.83956555,,14.25084984,,NA,ITA,2571,102.0,-222.0
63,15,1.0,2020-05-18,Napoli,Campania,40.83956555,,14.25084984,,NA,ITA,2572,90.0,-171.0
63,15,4.0,2020-05-19,Napoli,Campania,40.83956555,,14.25084984,,NA,ITA,2576,72.0,-157.0
63,15,5.0,2020-05-20,Napoli,Campania,40.83956555,,14.25084984,,NA,ITA,2581,42.0,-228.0
63,15,2.0,2020-05-21,Napoli,Campania,40.83956555,,14.25084984,,NA,ITA,2583,32.0,-150.0
63,15,2.0,2020-05-22,Napoli,Campania,40.83956555,,14.25084984,,NA,ITA,2585,32.0,-145.0
63,15,0.0,2020-05-23,Napoli,Campania,40.83956555,,14.25084984,,NA,ITA,2585,40.0,-99.0
63,15,4.0,2020-05-24,Napoli,Campania,40.83956555,,14.25084984,,NA,ITA,2589,28.000000000000004,-112.0
63,15,2.0,2020-05-25,Napoli,Campania,40.83956555,,14.25084984,,NA,ITA,2591,30.0,-150.0
63,15,4.0,2020-05-26,Napoli,Campania,40.83956555,,14.25084984,,NA,ITA,2595,26.0,-144.0
63,15,2.0,2020-05-27,Napoli,Campania,40.83956555,,14.25084984,,NA,ITA,2597,28.000000000000004,-132.0
63,15,4.0,2020-05-28,Napoli,Campania,40.83956555,,14.25084984,,NA,ITA,2601,38.0,-127.0
63,15,10.0,2020-05-29,Napoli,Campania,40.83956555,,14.25084984,,NA,ITA,2611,46.0,-140.0
63,15,1.0,2020-05-31,Napoli,Campania,40.83956555,,14.25084984,,NA,ITA,2613,24.0,-113.0
63,15,3.0,2020-06-01,Napoli,Campania,40.83956555,,14.25084984,,NA,ITA,2616,28.000000000000004,-95.0
63,15,1.0,2020-06-02,Napoli,Campania,40.83956555,,14.25084984,,NA,ITA,2617,28.000000000000004,-92.0
63,15,4.0,2020-06-03,Napoli,Campania,40.83956555,,14.25084984,,NA,ITA,2621,38.0,-99.0
63,15,4.0,2020-06-04,Napoli,Campania,40.83956555,,14.25084984,,NA,ITA,2625,32.0,-107.0
63,15,0.0,2020-06-05,Napoli,Campania,40.83956555,,14.25084984,,NA,ITA,2625,38.0,-184.0
63,15,1.0,2020-06-06,Napoli,Campania,40.83956555,,14.25084984,,NA,ITA,2626,44.0,-43.0
63,15,1.0,2020-06-07,Napoli,Campania,40.83956555,,14.25084984,,NA,ITA,2627,36.0,-53.0
63,15,0.0,2020-06-08,Napoli,Campania,40.83956555,,14.25084984,,NA,ITA,2627,36.0,-119.0
63,15,3.0,2020-06-09,Napoli,Campania,40.83956555,,14.25084984,,NA,ITA,2630,36.0,-83.0
63,15,3.0,2020-06-10,Napoli,Campania,40.83956555,,14.25084984,,NA,ITA,2633,38.0,-89.0
63,15,2.0,2020-06-11,Napoli,Campania,40.83956555,,14.25084984,,NA,ITA,2635,32.0,-98.0
63,15,0.0,2020-06-12,Napoli,Campania,40.83956555,,14.25084984,,NA,ITA,2635,36.0,-78.0
63,15,1.0,2020-06-13,Napoli,Campania,40.83956555,,14.25084984,,NA,ITA,2636,42.0,-56.0
63,15,0.0,2020-06-14,Napoli,Campania,40.83956555,,14.25084984,,NA,ITA,2636,38.0,-38.0
63,15,4.0,2020-06-15,Napoli,Campania,40.83956555,,14.25084984,,NA,ITA,2640,48.0,-85.0
63,15,0.0,2020-06-16,Napoli,Campania,40.83956555,,14.25084984,,NA,ITA,2640,52.0,-79.0
63,15,0.0,2020-06-17,Napoli,Campania,40.83956555,,14.25084984,,NA,ITA,2640,48.0,-65.0
63,15,1.0,2020-06-18,Napoli,Campania,40.83956555,,14.25084984,,NA,ITA,2641,38.0,-72.0
63,15,0.0,2020-06-19,Napoli,Campania,40.83956555,,14.25084984,,NA,ITA,2641,40.0,-84.0
63,15,1.0,2020-06-20,Napoli,Campania,40.83956555,,14.25084984,,NA,ITA,2642,46.0,-33.0
63,15,1.0,2020-06-21,Napoli,Campania,40.83956555,,14.25084984,,NA,ITA,2643,34.0,-63.0
63,15,0.0,2020-06-22,Napoli,Campania,40.83956555,,14.25084984,,NA,ITA,2643,26.0,-81.0
63,15,1.0,2020-06-23,Napoli,Campania,40.83956555,,14.25084984,,NA,ITA,2644,34.0,-65.0
63,15,0.0,2020-06-24,Napoli,Campania,40.83956555,,14.25084984,,NA,ITA,2644,40.0,-48.0
63,15,3.0,2020-06-25,Napoli,Campania,40.83956555,,14.25084984,,NA,ITA,2647,48.0,-60.0
63,15,4.0,2020-06-26,Napoli,Campania,40.83956555,,14.25084984,,NA,ITA,2651,54.0,-62.0
63,15,0.0,2020-06-27,Napoli,Campania,40.83956555,,14.25084984,,NA,ITA,2651,64.0,-31.0
63,15,0.0,2020-06-28,Napoli,Campania,40.83956555,,14.25084984,,NA,ITA,2651,64.0,-40.0
63,15,0.0,2020-06-29,Napoli,Campania,40.83956555,,14.25084984,,NA,ITA,2651,56.00000000000001,-55.0
63,15,1.0,2020-06-30,Napoli,Campania,40.83956555,,14.25084984,,NA,ITA,2652,48.0,-48.0
63,15,0.0,2020-07-01,Napoli,Campania,40.83956555,,14.25084984,,NA,ITA,2652,56.00000000000001,-43.0
63,15,3.0,2020-07-02,Napoli,Campania,40.83956555,,14.25084984,,NA,ITA,2655,62.0,-62.0
63,15,0.0,2020-07-03,Napoli,Campania,40.83956555,,14.25084984,,NA,ITA,2655,56.00000000000001,-56.0
63,15,0.0,2020-07-04,Napoli,Campania,40.83956555,,14.25084984,,NA,ITA,2655,46.0,-55.0
63,15,1.0,2020-07-05,Napoli,Campania,40.83956555,,14.25084984,,NA,ITA,2656,28.000000000000004,-31.0
63,15,0.0,2020-07-06,Napoli,Campania,40.83956555,,14.25084984,,NA,ITA,2656,44.0,-52.0
63,15,0.0,2020-07-07,Napoli,Campania,40.83956555,,14.25084984,,NA,ITA,2656,52.0,-45.0
63,15,0.0,2020-07-08,Napoli,Campania,40.83956555,,14.25084984,,NA,ITA,2656,46.0,-45.0
63,15,1.0,2020-07-09,Napoli,Campania,40.83956555,,14.25084984,,NA,ITA,2657,52.0,-52.0
63,15,2.0,2020-07-10,Napoli,Campania,40.83956555,,14.25084984,,NA,ITA,2659,57.99999999999999,-54.0
63,15,1.0,2020-07-11,Napoli,Campania,40.83956555,,14.25084984,,NA,ITA,2660,48.0,-41.0
63,15,2.0,2020-07-12,Napoli,Campania,40.83956555,,14.25084984,,NA,ITA,2662,48.0,-41.0
63,15,3.0,2020-07-13,Napoli,Campania,40.83956555,,14.25084984,,NA,ITA,2665,44.0,-49.0
63,15,0.0,2020-07-14,Napoli,Campania,40.83956555,,14.25084984,,NA,ITA,2665,40.0,-37.0
63,15,3.0,2020-07-15,Napoli,Campania,40.83956555,,14.25084984,,NA,ITA,2668,44.0,-37.0
63,15,3.0,2020-07-16,Napoli,Campania,40.83956555,,14.25084984,,NA,ITA,2671,44.0,-42.0
63,15,1.0,2020-07-17,Napoli,Campania,40.83956555,,14.25084984,,NA,ITA,2672,44.0,-51.0
63,15,8.0,2020-07-18,Napoli,Campania,40.83956555,,14.25084984,,NA,ITA,2680,30.0,-24.0
63,15,2.0,2020-07-19,Napoli,Campania,40.83956555,,14.25084984,,NA,ITA,2682,28.000000000000004,-14.0
63,15,1.0,2020-07-20,Napoli,Campania,40.83956555,,14.25084984,,NA,ITA,2683,42.0,-38.0
63,15,1.0,2020-07-21,Napoli,Campania,40.83956555,,14.25084984,,NA,ITA,2684,54.0,-31.0
63,15,3.0,2020-07-22,Napoli,Campania,40.83956555,,14.25084984,,NA,ITA,2687,68.0,-35.0
63,15,5.0,2020-07-23,Napoli,Campania,40.83956555,,14.25084984,,NA,ITA,2692,56.00000000000001,-37.0
63,15,2.0,2020-07-24,Napoli,Campania,40.83956555,,14.25084984,,NA,ITA,2694,44.0,-34.0
63,15,17.0,2020-07-25,Napoli,Campania,40.83956555,,14.25084984,,NA,ITA,2711,42.0,-21.0
63,15,5.0,2020-07-26,Napoli,Campania,40.83956555,,14.25084984,,NA,ITA,2716,40.0,-1.0
63,15,7.0,2020-07-27,Napoli,Campania,40.83956555,,14.25084984,,NA,ITA,2723,56.00000000000001,-30.0
63,15,20.0,2020-07-28,Napoli,Campania,40.83956555,,14.25084984,,NA,ITA,2743,62.0,-22.0
63,15,11.0,2020-07-29,Napoli,Campania,40.83956555,,14.25084984,,NA,ITA,2754,60.0,-24.0
63,15,11.0,2020-07-30,Napoli,Campania,40.83956555,,14.25084984,,NA,ITA,2765,62.0,-37.0
63,15,4.0,2020-07-31,Napoli,Campania,40.83956555,,14.25084984,,NA,ITA,2769,52.0,-45.0
63,15,6.0,2020-08-01,Napoli,Campania,40.83956555,,14.25084984,,NA,ITA,2775,56.00000000000001,-53.0
63,15,0.0,2020-08-02,Napoli,Campania,40.83956555,,14.25084984,,NA,ITA,2775,57.99999999999999,-22.0
63,15,2.0,2020-08-03,Napoli,Campania,40.83956555,,14.25084984,,NA,ITA,2777,56.00000000000001,-41.0
63,15,1.0,2020-08-04,Napoli,Campania,40.83956555,,14.25084984,,NA,ITA,2778,52.0,-31.0
63,15,3.0,2020-08-05,Napoli,Campania,40.83956555,,14.25084984,,NA,ITA,2781,50.0,-51.0
63,15,6.0,2020-08-06,Napoli,Campania,40.83956555,,14.25084984,,NA,ITA,2787,38.0,-33.0
63,15,9.0,2020-08-07,Napoli,Campania,40.83956555,,14.25084984,,NA,ITA,2796,50.0,-44.0
63,15,2.0,2020-08-08,Napoli,Campania,40.83956555,,14.25084984,,NA,ITA,2798,50.0,-44.0
63,15,11.0,2020-08-09,Napoli,Campania,40.83956555,,14.25084984,,NA,ITA,2809,50.0,-10.0
63,15,9.0,2020-08-10,Napoli,Campania,40.83956555,,14.25084984,,NA,ITA,2818,62.0,-36.0
63,15,18.0,2020-08-11,Napoli,Campania,40.83956555,,14.25084984,,NA,ITA,2836,62.0,-34.0
63,15,37.0,2020-08-12,Napoli,Campania,40.83956555,,14.25084984,,NA,ITA,2873,64.0,-39.0
63,15,13.0,2020-08-13,Napoli,Campania,40.83956555,,14.25084984,,NA,ITA,2886,56.00000000000001,-49.0
63,15,27.0,2020-08-14,Napoli,Campania,40.83956555,,14.25084984,,NA,ITA,2913,60.0,-57.0
63,15,20.0,2020-08-15,Napoli,Campania,40.83956555,,14.25084984,,NA,ITA,2933,70.0,-139.0
63,15,18.0,2020-08-16,Napoli,Campania,40.83956555,,14.25084984,,NA,ITA,2951,56.00000000000001,-40.0
63,15,27.0,2020-08-17,Napoli,Campania,40.83956555,,14.25084984,,NA,ITA,2978,56.00000000000001,-65.0
63,15,16.0,2020-08-18,Napoli,Campania,40.83956555,,14.25084984,,NA,ITA,2994,50.0,-52.0
63,15,18.0,2020-08-19,Napoli,Campania,40.83956555,,14.25084984,,NA,ITA,3012,46.0,-58.0
63,15,27.0,2020-08-20,Napoli,Campania,40.83956555,,14.25084984,,NA,ITA,3039,46.0,-73.0
63,15,32.0,2020-08-21,Napoli,Campania,40.83956555,,14.25084984,,NA,ITA,3071,52.0,-94.0
58,12,,2020-02-24,Roma,Lazio,41.89277044,,12.48366722,,RM,ITA,0,50.0,30.0
58,12,3.0,2020-02-25,Roma,Lazio,41.89277044,,12.48366722,,RM,ITA,3,34.0,7.0
58,12,0.0,2020-02-26,Roma,Lazio,41.89277044,,12.48366722,,RM,ITA,3,30.0,-28.0
58,12,0.0,2020-02-27,Roma,Lazio,41.89277044,,12.48366722,,RM,ITA,3,26.0,-13.0
58,12,0.0,2020-02-28,Roma,Lazio,41.89277044,,12.48366722,,RM,ITA,3,34.0,-8.0
58,12,3.0,2020-02-29,Roma,Lazio,41.89277044,,12.48366722,,RM,ITA,6,38.0,-4.0
58,12,0.0,2020-03-01,Roma,Lazio,41.89277044,,12.48366722,,RM,ITA,6,44.0,-95.0
58,12,7.0,2020-03-03,Roma,Lazio,41.89277044,,12.48366722,,RM,ITA,14,46.0,-45.0
58,12,15.0,2020-03-04,Roma,Lazio,41.89277044,,12.48366722,,RM,ITA,29,26.0,-22.0
58,12,13.0,2020-03-05,Roma,Lazio,41.89277044,,12.48366722,,RM,ITA,42,22.0,-51.0
58,12,7.0,2020-03-06,Roma,Lazio,41.89277044,,12.48366722,,RM,ITA,49,44.0,-73.0
58,12,22.0,2020-03-07,Roma,Lazio,41.89277044,,12.48366722,,RM,ITA,71,30.0,-51.0
58,12,6.0,2020-03-08,Roma,Lazio,41.89277044,,12.48366722,,RM,ITA,77,20.0,-49.0
58,12,14.0,2020-03-09,Roma,Lazio,41.89277044,,12.48366722,,RM,ITA,91,30.0,-119.0
58,12,0.0,2020-03-10,Roma,Lazio,41.89277044,,12.48366722,,RM,ITA,76,40.0,-178.0
58,12,23.0,2020-03-11,Roma,Lazio,41.89277044,,12.48366722,,RM,ITA,99,56.00000000000001,-216.0
58,12,63.0,2020-03-12,Roma,Lazio,41.89277044,,12.48366722,,RM,ITA,162,40.0,-290.0
58,12,56.0,2020-03-13,Roma,Lazio,41.89277044,,12.48366722,,RM,ITA,218,52.0,-320.0
58,12,70.0,2020-03-14,Roma,Lazio,41.89277044,,12.48366722,,RM,ITA,288,42.0,-342.0
58,12,66.0,2020-03-15,Roma,Lazio,41.89277044,,12.48366722,,RM,ITA,354,30.0,-367.0
58,12,58.0,2020-03-16,Roma,Lazio,41.89277044,,12.48366722,,RM,ITA,412,40.0,-339.0
58,12,74.0,2020-03-17,Roma,Lazio,41.89277044,,12.48366722,,RM,ITA,486,56.00000000000001,-353.0
58,12,104.0,2020-03-18,Roma,Lazio,41.89277044,,12.48366722,,RM,ITA,590,66.0,-360.0
58,12,88.0,2020-03-19,Roma,Lazio,41.89277044,,12.48366722,,RM,ITA,678,62.0,-362.0
58,12,77.0,2020-03-20,Roma,Lazio,41.89277044,,12.48366722,,RM,ITA,755,54.0,-361.0
58,12,138.0,2020-03-21,Roma,Lazio,41.89277044,,12.48366722,,RM,ITA,893,62.0,-371.0
58,12,156.0,2020-03-22,Roma,Lazio,41.89277044,,12.48366722,,RM,ITA,1049,62.0,-412.0
58,12,122.0,2020-03-23,Roma,Lazio,41.89277044,,12.48366722,,RM,ITA,1171,34.0,-371.0
58,12,116.0,2020-03-24,Roma,Lazio,41.89277044,,12.48366722,,RM,ITA,1287,22.0,-376.0
58,12,141.0,2020-03-25,Roma,Lazio,41.89277044,,12.48366722,,RM,ITA,1428,20.666666666666668,-377.0
58,12,139.0,2020-03-26,Roma,Lazio,41.89277044,,12.48366722,,RM,ITA,1567,12.0,-391.0
58,12,136.0,2020-03-27,Roma,Lazio,41.89277044,,12.48366722,,RM,ITA,1703,12.0,-377.0
58,12,136.0,2020-03-28,Roma,Lazio,41.89277044,,12.48366722,,RM,ITA,1839,52.0,-374.0
58,12,106.0,2020-03-29,Roma,Lazio,41.89277044,,12.48366722,,RM,ITA,1945,110.00000000000001,-414.0
58,12,123.0,2020-03-30,Roma,Lazio,41.89277044,,12.48366722,,RM,ITA,2068,100.0,-367.0
58,12,118.0,2020-03-31,Roma,Lazio,41.89277044,,12.48366722,,RM,ITA,2186,30.0,-375.0
58,12,74.0,2020-04-01,Roma,Lazio,41.89277044,,12.48366722,,RM,ITA,2260,25.75,-374.0
58,12,133.0,2020-04-02,Roma,Lazio,41.89277044,,12.48366722,,RM,ITA,2393,32.0,-374.0
58,12,110.0,2020-04-03,Roma,Lazio,41.89277044,,12.48366722,,RM,ITA,2503,40.0,-365.0
58,12,117.0,2020-04-04,Roma,Lazio,41.89277044,,12.48366722,,RM,ITA,2620,34.0,-366.0
58,12,94.0,2020-04-05,Roma,Lazio,41.89277044,,12.48366722,,RM,ITA,2714,38.0,-408.0
58,12,55.0,2020-04-06,Roma,Lazio,41.89277044,,12.48366722,,RM,ITA,2769,46.0,-358.0
58,12,61.0,2020-04-07,Roma,Lazio,41.89277044,,12.48366722,,RM,ITA,2830,57.99999999999999,-357.0
58,12,80.0,2020-04-08,Roma,Lazio,41.89277044,,12.48366722,,RM,ITA,2910,62.0,-357.0
58,12,116.0,2020-04-09,Roma,Lazio,41.89277044,,12.48366722,,RM,ITA,3026,57.99999999999999,-352.0
58,12,88.0,2020-04-10,Roma,Lazio,41.89277044,,12.48366722,,RM,ITA,3114,57.99999999999999,-347.0
58,12,105.0,2020-04-11,Roma,Lazio,41.89277044,,12.48366722,,RM,ITA,3219,54.0,-353.0
58,12,96.0,2020-04-12,Roma,Lazio,41.89277044,,12.48366722,,RM,ITA,3315,50.0,-441.0
58,12,116.0,2020-04-13,Roma,Lazio,41.89277044,,12.48366722,,RM,ITA,3431,40.0,-463.0
58,12,129.0,2020-04-14,Roma,Lazio,41.89277044,,12.48366722,,RM,ITA,3560,36.0,-368.0
58,12,105.0,2020-04-15,Roma,Lazio,41.89277044,,12.48366722,,RM,ITA,3665,23.083333333333332,-353.0
58,12,102.0,2020-04-16,Roma,Lazio,41.89277044,,12.48366722,,RM,ITA,3767,30.0,-351.0
58,12,121.0,2020-04-17,Roma,Lazio,41.89277044,,12.48366722,,RM,ITA,3888,36.0,-349.0
58,12,130.0,2020-04-18,Roma,Lazio,41.89277044,,12.48366722,,RM,ITA,4018,32.0,-347.0
58,12,64.0,2020-04-19,Roma,Lazio,41.89277044,,12.48366722,,RM,ITA,4082,46.0,-401.0
58,12,51.0,2020-04-20,Roma,Lazio,41.89277044,,12.48366722,,RM,ITA,4133,30.0,-368.0
58,12,56.0,2020-04-21,Roma,Lazio,41.89277044,,12.48366722,,RM,ITA,4189,26.0,-354.0
58,12,68.0,2020-04-22,Roma,Lazio,41.89277044,,12.48366722,,RM,ITA,4257,18.0,-364.0
58,12,56.0,2020-04-23,Roma,Lazio,41.89277044,,12.48366722,,RM,ITA,4313,20.0,-345.0
58,12,48.0,2020-04-24,Roma,Lazio,41.89277044,,12.48366722,,RM,ITA,4361,30.0,-326.0
58,12,73.0,2020-04-25,Roma,Lazio,41.89277044,,12.48366722,,RM,ITA,4434,30.0,-429.0
58,12,67.0,2020-04-26,Roma,Lazio,41.89277044,,12.48366722,,RM,ITA,4501,19.0,-366.0
58,12,68.0,2020-04-27,Roma,Lazio,41.89277044,,12.48366722,,RM,ITA,4569,24.0,-321.0
58,12,73.0,2020-04-28,Roma,Lazio,41.89277044,,12.48366722,,RM,ITA,4642,36.0,-338.0
58,12,52.0,2020-04-29,Roma,Lazio,41.89277044,,12.48366722,,RM,ITA,4694,30.0,-330.0
58,12,62.0,2020-04-30,Roma,Lazio,41.89277044,,12.48366722,,RM,ITA,4756,24.0,-309.0
58,12,51.0,2020-05-01,Roma,Lazio,41.89277044,,12.48366722,,RM,ITA,4807,24.75,-447.0
58,12,56.0,2020-05-02,Roma,Lazio,41.89277044,,12.48366722,,RM,ITA,4863,34.0,-311.0
58,12,48.0,2020-05-03,Roma,Lazio,41.89277044,,12.48366722,,RM,ITA,4911,24.0,-361.0
58,12,37.0,2020-05-04,Roma,Lazio,41.89277044,,12.48366722,,RM,ITA,4948,23.75,-249.0
58,12,57.0,2020-05-05,Roma,Lazio,41.89277044,,12.48366722,,RM,ITA,5005,30.0,-255.0
58,12,75.0,2020-05-06,Roma,Lazio,41.89277044,,12.48366722,,RM,ITA,5080,32.0,-254.0
58,12,37.0,2020-05-07,Roma,Lazio,41.89277044,,12.48366722,,RM,ITA,5117,26.0,-251.0
58,12,47.0,2020-05-08,Roma,Lazio,41.89277044,,12.48366722,,RM,ITA,5164,30.0,-248.0
58,12,38.0,2020-05-09,Roma,Lazio,41.89277044,,12.48366722,,RM,ITA,5202,30.0,-221.0
58,12,27.0,2020-05-10,Roma,Lazio,41.89277044,,12.48366722,,RM,ITA,5229,28.000000000000004,-263.0
58,12,21.0,2020-05-11,Roma,Lazio,41.89277044,,12.48366722,,RM,ITA,5250,28.000000000000004,-246.0
58,12,16.0,2020-05-12,Roma,Lazio,41.89277044,,12.48366722,,RM,ITA,5266,38.0,-240.0
58,12,25.0,2020-05-13,Roma,Lazio,41.89277044,,12.48366722,,RM,ITA,5291,56.00000000000001,-255.0
58,12,17.0,2020-05-14,Roma,Lazio,41.89277044,,12.48366722,,RM,ITA,5308,94.0,-245.0
58,12,63.0,2020-05-15,Roma,Lazio,41.89277044,,12.48366722,,RM,ITA,5371,42.0,-231.0
58,12,26.0,2020-05-16,Roma,Lazio,41.89277044,,12.48366722,,RM,ITA,5397,48.0,-210.0
58,12,39.0,2020-05-17,Roma,Lazio,41.89277044,,12.48366722,,RM,ITA,5436,78.0,-233.0
58,12,30.0,2020-05-18,Roma,Lazio,41.89277044,,12.48366722,,RM,ITA,5466,68.0,-192.0
58,12,8.0,2020-05-19,Roma,Lazio,41.89277044,,12.48366722,,RM,ITA,5474,40.0,-186.0
58,12,20.0,2020-05-20,Roma,Lazio,41.89277044,,12.48366722,,RM,ITA,5494,26.0,-213.0
58,12,15.0,2020-05-21,Roma,Lazio,41.89277044,,12.48366722,,RM,ITA,5509,30.0,-180.0
58,12,25.0,2020-05-22,Roma,Lazio,41.89277044,,12.48366722,,RM,ITA,5534,32.0,-172.0
58,12,15.0,2020-05-23,Roma,Lazio,41.89277044,,12.48366722,,RM,ITA,5549,32.0,-115.0
58,12,16.0,2020-05-24,Roma,Lazio,41.89277044,,12.48366722,,RM,ITA,5565,34.0,-145.0
58,12,11.0,2020-05-25,Roma,Lazio,41.89277044,,12.48366722,,RM,ITA,5576,30.0,-175.0
58,12,15.0,2020-05-26,Roma,Lazio,41.89277044,,12.48366722,,RM,ITA,5591,26.0,-170.0
58,12,9.0,2020-05-27,Roma,Lazio,41.89277044,,12.48366722,,RM,ITA,5600,25.083333333333336,-169.0
58,12,14.0,2020-05-28,Roma,Lazio,41.89277044,,12.48366722,,RM,ITA,5614,24.416666666666668,-166.0
58,12,13.0,2020-05-29,Roma,Lazio,41.89277044,,12.48366722,,RM,ITA,5627,24.0,-223.0
58,12,5.0,2020-05-30,Roma,Lazio,41.89277044,,12.48366722,,RM,ITA,5632,20.0,-122.0
58,12,11.0,2020-05-31,Roma,Lazio,41.89277044,,12.48366722,,RM,ITA,5643,20.0,-109.0
58,12,6.0,2020-06-01,Roma,Lazio,41.89277044,,12.48366722,,RM,ITA,5649,26.0,-116.0
58,12,5.0,2020-06-02,Roma,Lazio,41.89277044,,12.48366722,,RM,ITA,5654,24.0,-172.0
58,12,10.0,2020-06-03,Roma,Lazio,41.89277044,,12.48366722,,RM,ITA,5664,22.0,-145.0
58,12,11.0,2020-06-04,Roma,Lazio,41.89277044,,12.48366722,,RM,ITA,5675,27.083333333333332,-165.0
58,12,9.0,2020-06-05,Roma,Lazio,41.89277044,,12.48366722,,RM,ITA,5684,30.0,-170.0
58,12,18.0,2020-06-06,Roma,Lazio,41.89277044,,12.48366722,,RM,ITA,5702,32.0,-78.0
58,12,17.0,2020-06-07,Roma,Lazio,41.89277044,,12.48366722,,RM,ITA,5719,28.000000000000004,-109.0
58,12,16.0,2020-06-08,Roma,Lazio,41.89277044,,12.48366722,,RM,ITA,5735,30.0,-149.0
58,12,19.0,2020-06-09,Roma,Lazio,41.89277044,,12.48366722,,RM,ITA,5754,32.0,-129.0
58,12,11.0,2020-06-10,Roma,Lazio,41.89277044,,12.48366722,,RM,ITA,5765,30.0,-160.0
58,12,16.0,2020-06-11,Roma,Lazio,41.89277044,,12.48366722,,RM,ITA,5781,24.0,-178.0
58,12,24.0,2020-06-12,Roma,Lazio,41.89277044,,12.48366722,,RM,ITA,5805,24.0,-117.0
58,12,25.0,2020-06-13,Roma,Lazio,41.89277044,,12.48366722,,RM,ITA,5830,28.000000000000004,-104.0
58,12,14.0,2020-06-14,Roma,Lazio,41.89277044,,12.48366722,,RM,ITA,5844,34.0,-88.0
58,12,3.0,2020-06-15,Roma,Lazio,41.89277044,,12.48366722,,RM,ITA,5847,32.0,-120.0
58,12,9.0,2020-06-16,Roma,Lazio,41.89277044,,12.48366722,,RM,ITA,5856,24.0,-117.0
58,12,10.0,2020-06-17,Roma,Lazio,41.89277044,,12.48366722,,RM,ITA,5866,38.0,-124.0
58,12,8.0,2020-06-18,Roma,Lazio,41.89277044,,12.48366722,,RM,ITA,5874,34.0,-114.0
58,12,8.0,2020-06-19,Roma,Lazio,41.89277044,,12.48366722,,RM,ITA,5882,30.0,-119.0
58,12,12.0,2020-06-20,Roma,Lazio,41.89277044,,12.48366722,,RM,ITA,5894,30.0,-64.0
58,12,9.0,2020-06-21,Roma,Lazio,41.89277044,,12.48366722,,RM,ITA,5903,22.416666666666664,-98.0
58,12,8.0,2020-06-22,Roma,Lazio,41.89277044,,12.48366722,,RM,ITA,5911,20.666666666666668,-116.0
58,12,6.0,2020-06-23,Roma,Lazio,41.89277044,,12.48366722,,RM,ITA,5917,24.0,-110.0
58,12,0.0,2020-06-24,Roma,Lazio,41.89277044,,12.48366722,,RM,ITA,5810,32.0,-111.0
58,12,7.0,2020-06-25,Roma,Lazio,41.89277044,,12.48366722,,RM,ITA,5817,38.0,-107.0
58,12,13.0,2020-06-26,Roma,Lazio,41.89277044,,12.48366722,,RM,ITA,5830,32.0,-114.0
58,12,16.0,2020-06-27,Roma,Lazio,41.89277044,,12.48366722,,RM,ITA,5846,36.0,-89.0
58,12,14.0,2020-06-28,Roma,Lazio,41.89277044,,12.48366722,,RM,ITA,5860,38.0,-103.0
58,12,8.0,2020-06-29,Roma,Lazio,41.89277044,,12.48366722,,RM,ITA,5868,34.0,-163.0
58,12,4.0,2020-06-30,Roma,Lazio,41.89277044,,12.48366722,,RM,ITA,5872,34.0,-112.0
58,12,8.0,2020-07-01,Roma,Lazio,41.89277044,,12.48366722,,RM,ITA,5880,40.0,-109.0
58,12,6.0,2020-07-02,Roma,Lazio,41.89277044,,12.48366722,,RM,ITA,5886,44.0,-111.0
58,12,10.0,2020-07-03,Roma,Lazio,41.89277044,,12.48366722,,RM,ITA,5896,38.0,-114.0
58,12,29.0,2020-07-04,Roma,Lazio,41.89277044,,12.48366722,,RM,ITA,5925,38.0,-88.0
58,12,11.0,2020-07-05,Roma,Lazio,41.89277044,,12.48366722,,RM,ITA,5936,24.0,-88.0
58,12,15.0,2020-07-06,Roma,Lazio,41.89277044,,12.48366722,,RM,ITA,5951,30.0,-110.0
58,12,6.0,2020-07-07,Roma,Lazio,41.89277044,,12.48366722,,RM,ITA,5957,40.0,-108.0
58,12,7.0,2020-07-08,Roma,Lazio,41.89277044,,12.48366722,,RM,ITA,5964,38.0,-109.0
58,12,30.0,2020-07-09,Roma,Lazio,41.89277044,,12.48366722,,RM,ITA,5994,40.0,-111.0
58,12,21.0,2020-07-10,Roma,Lazio,41.89277044,,12.48366722,,RM,ITA,6015,44.0,-119.0
58,12,12.0,2020-07-11,Roma,Lazio,41.89277044,,12.48366722,,RM,ITA,6027,34.0,-88.0
58,12,19.0,2020-07-12,Roma,Lazio,41.89277044,,12.48366722,,RM,ITA,6046,36.0,-97.0
58,12,21.0,2020-07-13,Roma,Lazio,41.89277044,,12.48366722,,RM,ITA,6067,28.000000000000004,-111.0
58,12,18.0,2020-07-14,Roma,Lazio,41.89277044,,12.48366722,,RM,ITA,6085,38.0,-107.0
58,12,18.0,2020-07-15,Roma,Lazio,41.89277044,,12.48366722,,RM,ITA,6103,34.0,-110.0
58,12,6.0,2020-07-16,Roma,Lazio,41.89277044,,12.48366722,,RM,ITA,6109,36.0,-112.0
58,12,11.0,2020-07-17,Roma,Lazio,41.89277044,,12.48366722,,RM,ITA,6120,38.0,-117.0
58,12,19.0,2020-07-18,Roma,Lazio,41.89277044,,12.48366722,,RM,ITA,6139,22.416666666666664,-79.0
58,12,13.0,2020-07-19,Roma,Lazio,41.89277044,,12.48366722,,RM,ITA,6152,26.083333333333336,-87.0
58,12,15.0,2020-07-20,Roma,Lazio,41.89277044,,12.48366722,,RM,ITA,6167,30.0,-110.0
58,12,3.0,2020-07-21,Roma,Lazio,41.89277044,,12.48366722,,RM,ITA,6170,40.0,-109.0
58,12,13.0,2020-07-22,Roma,Lazio,41.89277044,,12.48366722,,RM,ITA,6183,42.0,-113.0
58,12,23.0,2020-07-23,Roma,Lazio,41.89277044,,12.48366722,,RM,ITA,6206,38.0,-113.0
58,12,12.0,2020-07-24,Roma,Lazio,41.89277044,,12.48366722,,RM,ITA,6218,40.0,-114.0
58,12,15.0,2020-07-25,Roma,Lazio,41.89277044,,12.48366722,,RM,ITA,6233,28.000000000000004,-84.0
58,12,17.0,2020-07-26,Roma,Lazio,41.89277044,,12.48366722,,RM,ITA,6250,27.083333333333332,-91.0
58,12,9.0,2020-07-27,Roma,Lazio,41.89277044,,12.48366722,,RM,ITA,6259,38.0,-108.0
58,12,9.0,2020-07-28,Roma,Lazio,41.89277044,,12.48366722,,RM,ITA,6268,40.0,-109.0
58,12,32.0,2020-07-29,Roma,Lazio,41.89277044,,12.48366722,,RM,ITA,6300,46.0,-116.0
58,12,16.0,2020-07-30,Roma,Lazio,41.89277044,,12.48366722,,RM,ITA,6316,50.0,-119.0
58,12,13.0,2020-07-31,Roma,Lazio,41.89277044,,12.48366722,,RM,ITA,6329,42.0,-125.0
58,12,12.0,2020-08-01,Roma,Lazio,41.89277044,,12.48366722,,RM,ITA,6341,44.0,-106.0
58,12,14.0,2020-08-02,Roma,Lazio,41.89277044,,12.48366722,,RM,ITA,6355,40.0,-108.0
58,12,12.0,2020-08-03,Roma,Lazio,41.89277044,,12.48366722,,RM,ITA,6367,44.0,-124.0
58,12,13.0,2020-08-04,Roma,Lazio,41.89277044,,12.48366722,,RM,ITA,6380,42.0,-116.0
58,12,5.0,2020-08-05,Roma,Lazio,41.89277044,,12.48366722,,RM,ITA,6385,26.0,-126.0
58,12,13.0,2020-08-06,Roma,Lazio,41.89277044,,12.48366722,,RM,ITA,6398,28.000000000000004,-129.0
58,12,18.0,2020-08-07,Roma,Lazio,41.89277044,,12.48366722,,RM,ITA,6416,36.0,-138.0
58,12,15.0,2020-08-08,Roma,Lazio,41.89277044,,12.48366722,,RM,ITA,6431,44.0,-115.0
58,12,32.0,2020-08-09,Roma,Lazio,41.89277044,,12.48366722,,RM,ITA,6463,46.0,-120.0
58,12,28.0,2020-08-10,Roma,Lazio,41.89277044,,12.48366722,,RM,ITA,6491,52.0,-146.0
58,12,20.0,2020-08-11,Roma,Lazio,41.89277044,,12.48366722,,RM,ITA,6511,56.00000000000001,-153.0
58,12,31.0,2020-08-12,Roma,Lazio,41.89277044,,12.48366722,,RM,ITA,6542,46.0,-158.0
58,12,26.0,2020-08-13,Roma,Lazio,41.89277044,,12.48366722,,RM,ITA,6568,46.0,-161.0
58,12,41.0,2020-08-14,Roma,Lazio,41.89277044,,12.48366722,,RM,ITA,6609,44.0,-167.0
58,12,42.0,2020-08-15,Roma,Lazio,41.89277044,,12.48366722,,RM,ITA,6651,50.0,-235.0
58,12,54.0,2020-08-16,Roma,Lazio,41.89277044,,12.48366722,,RM,ITA,6705,40.0,-145.0
58,12,49.0,2020-08-17,Roma,Lazio,41.89277044,,12.48366722,,RM,ITA,6754,40.0,-167.0
58,12,37.0,2020-08-18,Roma,Lazio,41.89277044,,12.48366722,,RM,ITA,6791,40.0,-167.0
58,12,72.0,2020-08-19,Roma,Lazio,41.89277044,,12.48366722,,RM,ITA,6863,32.0,-172.0
58,12,100.0,2020-08-20,Roma,Lazio,41.89277044,,12.48366722,,RM,ITA,6963,36.0,-175.0
58,12,122.0,2020-08-21,Roma,Lazio,41.89277044,,12.48366722,,RM,ITA,7085,36.0,-182.0
